FIPS	Name	STATE-COUNTY
02000	AK	AK
02013	AK, Aleutians East	AK-ALEUTIANS EAST
02016	AK, Aleutians West	AK-ALEUTIANS WEST
02020	AK, Anchorage	AK-ANCHORAGE
02050	AK, Bethel	AK-BETHEL
02060	AK, Bristol Bay	AK-BRISTOL BAY
02068	AK, Denali	AK-DENALI
02070	AK, Dillingham	AK-DILLINGHAM
02090	AK, Fairbanks North Star	AK-FAIRBANKS NORTH STAR
02100	AK, Haines	AK-HAINES
02110	AK, Juneau	AK-JUNEAU
02122	AK, Kenai Peninsula	AK-KENAI PENINSULA
02130	AK, Ketchikan Gateway	AK-KETCHIKAN GATEWAY
02150	AK, Kodiak Island	AK-KODIAK ISLAND
02164	AK, Lake and Peninsula	AK-LAKE AND PENINSULA
02170	AK, Matanuska-Susitna	AK-MATANUSKA-SUSITNA
02180	AK, Nome	AK-NOME
02185	AK, North Slope	AK-NORTH SLOPE
02188	AK, Northwest Arctic	AK-NORTHWEST ARCTIC
02201	AK, Prince of Wales-Outer Ketchikan	AK-PRINCE OF WALES-OUTER KETCHIKAN
02220	AK, Sitka	AK-SITKA
02232	AK, Skagway-Hoonah-Angoon	AK-SKAGWAY-HOONAH-ANGOON
02240	AK, Southeast Fairbanks	AK-SOUTHEAST FAIRBANKS
02261	AK, Valdez-Cordova	AK-VALDEZ-CORDOVA
02270	AK, Wade Hampton	AK-WADE HAMPTON
02280	AK, Wrangell-Petersburg	AK-WRANGELL-PETERSBURG
02282	AK, Yakutat	AK-YAKUTAT
02290	AK, Yukon-Koyukuk	AK-YUKON-KOYUKUK
01000	AL	AL
01001	AL, Autauga	AL-AUTAUGA
01003	AL, Baldwin	AL-BALDWIN
01005	AL, Barbour	AL-BARBOUR
01007	AL, Bibb	AL-BIBB
01009	AL, Blount	AL-BLOUNT
01011	AL, Bullock	AL-BULLOCK
01013	AL, Butler	AL-BUTLER
01015	AL, Calhoun	AL-CALHOUN
01017	AL, Chambers	AL-CHAMBERS
01019	AL, Cherokee	AL-CHEROKEE
01021	AL, Chilton	AL-CHILTON
01023	AL, Choctaw	AL-CHOCTAW
01025	AL, Clarke	AL-CLARKE
01027	AL, Clay	AL-CLAY
01029	AL, Cleburne	AL-CLEBURNE
01031	AL, Coffee	AL-COFFEE
01033	AL, Colbert	AL-COLBERT
01035	AL, Conecuh	AL-CONECUH
01037	AL, Coosa	AL-COOSA
01039	AL, Covington	AL-COVINGTON
01041	AL, Crenshaw	AL-CRENSHAW
01043	AL, Cullman	AL-CULLMAN
01045	AL, Dale	AL-DALE
01047	AL, Dallas	AL-DALLAS
01049	AL, De Kalb	AL-DE KALB
01051	AL, Elmore	AL-ELMORE
01053	AL, Escambia	AL-ESCAMBIA
01055	AL, Etowah	AL-ETOWAH
01057	AL, Fayette	AL-FAYETTE
01059	AL, Franklin	AL-FRANKLIN
01061	AL, Geneva	AL-GENEVA
01063	AL, Greene	AL-GREENE
01065	AL, Hale	AL-HALE
01067	AL, Henry	AL-HENRY
01069	AL, Houston	AL-HOUSTON
01071	AL, Jackson	AL-JACKSON
01073	AL, Jefferson	AL-JEFFERSON
01075	AL, Lamar	AL-LAMAR
01077	AL, Lauderdale	AL-LAUDERDALE
01079	AL, Lawrence	AL-LAWRENCE
01081	AL, Lee	AL-LEE
01083	AL, Limestone	AL-LIMESTONE
01085	AL, Lowndes	AL-LOWNDES
01087	AL, Macon	AL-MACON
01089	AL, Madison	AL-MADISON
01091	AL, Marengo	AL-MARENGO
01093	AL, Marion	AL-MARION
01095	AL, Marshall	AL-MARSHALL
01097	AL, Mobile	AL-MOBILE
01099	AL, Monroe	AL-MONROE
01101	AL, Montgomery	AL-MONTGOMERY
01103	AL, Morgan	AL-MORGAN
01105	AL, Perry	AL-PERRY
01107	AL, Pickens	AL-PICKENS
01109	AL, Pike	AL-PIKE
01111	AL, Randolph	AL-RANDOLPH
01113	AL, Russell	AL-RUSSELL
01117	AL, Shelby	AL-SHELBY
01115	AL, St. Clair	AL-ST. CLAIR
01119	AL, Sumter	AL-SUMTER
01121	AL, Talladega	AL-TALLADEGA
01123	AL, Tallapoosa	AL-TALLAPOOSA
01125	AL, Tuscaloosa	AL-TUSCALOOSA
01127	AL, Walker	AL-WALKER
01129	AL, Washington	AL-WASHINGTON
01131	AL, Wilcox	AL-WILCOX
01133	AL, Winston	AL-WINSTON
05000	AR	AR
05001	AR, Arkansas	AR-ARKANSAS
05003	AR, Ashley	AR-ASHLEY
05005	AR, Baxter	AR-BAXTER
05007	AR, Benton	AR-BENTON
05009	AR, Boone	AR-BOONE
05011	AR, Bradley	AR-BRADLEY
05013	AR, Calhoun	AR-CALHOUN
05015	AR, Carroll	AR-CARROLL
05017	AR, Chicot	AR-CHICOT
05019	AR, Clark	AR-CLARK
05021	AR, Clay	AR-CLAY
05023	AR, Cleburne	AR-CLEBURNE
05025	AR, Cleveland	AR-CLEVELAND
05027	AR, Columbia	AR-COLUMBIA
05029	AR, Conway	AR-CONWAY
05031	AR, Craighead	AR-CRAIGHEAD
05033	AR, Crawford	AR-CRAWFORD
05035	AR, Crittenden	AR-CRITTENDEN
05037	AR, Cross	AR-CROSS
05039	AR, Dallas	AR-DALLAS
05041	AR, Desha	AR-DESHA
05043	AR, Drew	AR-DREW
05045	AR, Faulkner	AR-FAULKNER
05047	AR, Franklin	AR-FRANKLIN
05049	AR, Fulton	AR-FULTON
05051	AR, Garland	AR-GARLAND
05053	AR, Grant	AR-GRANT
05055	AR, Greene	AR-GREENE
05057	AR, Hempstead	AR-HEMPSTEAD
05059	AR, Hot Spring	AR-HOT SPRING
05061	AR, Howard	AR-HOWARD
05063	AR, Independence	AR-INDEPENDENCE
05065	AR, Izard	AR-IZARD
05067	AR, Jackson	AR-JACKSON
05069	AR, Jefferson	AR-JEFFERSON
05071	AR, Johnson	AR-JOHNSON
05073	AR, Lafayette	AR-LAFAYETTE
05075	AR, Lawrence	AR-LAWRENCE
05077	AR, Lee	AR-LEE
05079	AR, Lincoln	AR-LINCOLN
05081	AR, Little River	AR-LITTLE RIVER
05083	AR, Logan	AR-LOGAN
05085	AR, Lonoke	AR-LONOKE
05087	AR, Madison	AR-MADISON
05089	AR, Marion	AR-MARION
05091	AR, Miller	AR-MILLER
05093	AR, Mississippi	AR-MISSISSIPPI
05095	AR, Monroe	AR-MONROE
05097	AR, Montgomery	AR-MONTGOMERY
05099	AR, Nevada	AR-NEVADA
05101	AR, Newton	AR-NEWTON
05103	AR, Ouachita	AR-OUACHITA
05105	AR, Perry	AR-PERRY
05107	AR, Phillips	AR-PHILLIPS
05109	AR, Pike	AR-PIKE
05111	AR, Poinsett	AR-POINSETT
05113	AR, Polk	AR-POLK
05115	AR, Pope	AR-POPE
05117	AR, Prairie	AR-PRAIRIE
05119	AR, Pulaski	AR-PULASKI
05121	AR, Randolph	AR-RANDOLPH
05125	AR, Saline	AR-SALINE
05127	AR, Scott	AR-SCOTT
05129	AR, Searcy	AR-SEARCY
05131	AR, Sebastian	AR-SEBASTIAN
05133	AR, Sevier	AR-SEVIER
05135	AR, Sharp	AR-SHARP
05123	AR, St. Francis	AR-ST. FRANCIS
05137	AR, Stone	AR-STONE
05139	AR, Union	AR-UNION
05141	AR, Van Buren	AR-VAN BUREN
05143	AR, Washington	AR-WASHINGTON
05145	AR, White	AR-WHITE
05147	AR, Woodruff	AR-WOODRUFF
05149	AR, Yell	AR-YELL
60000	AS, Eastern	AS-EASTERN
60020	AS, Manu'a	AS-MANU'A
60030	AS, Rose Island	AS-ROSE ISLAND
60040	AS, Swains Island	AS-SWAINS ISLAND
60050	AS, Western	AS-WESTERN
04000	AZ	AZ
04001	AZ, Apache	AZ-APACHE
04003	AZ, Cochise	AZ-COCHISE
04005	AZ, Coconino	AZ-COCONINO
04007	AZ, Gila	AZ-GILA
04009	AZ, Graham	AZ-GRAHAM
04011	AZ, Greenlee	AZ-GREENLEE
04012	AZ, La Paz	AZ-LA PAZ
04013	AZ, Maricopa	AZ-MARICOPA
04015	AZ, Mohave	AZ-MOHAVE
04017	AZ, Navajo	AZ-NAVAJO
04019	AZ, Pima	AZ-PIMA
04021	AZ, Pinal	AZ-PINAL
04023	AZ, Santa Cruz	AZ-SANTA CRUZ
04025	AZ, Yavapai	AZ-YAVAPAI
04027	AZ, Yuma	AZ-YUMA
06000	CA	CA
06001	CA, Alameda	CA-ALAMEDA
06003	CA, Alpine	CA-ALPINE
06005	CA, Amador	CA-AMADOR
06007	CA, Butte	CA-BUTTE
06009	CA, Calaveras	CA-CALAVERAS
06011	CA, Colusa	CA-COLUSA
06013	CA, Contra Costa	CA-CONTRA COSTA
06015	CA, Del Norte	CA-DEL NORTE
06017	CA, El Dorado	CA-EL DORADO
06019	CA, Fresno	CA-FRESNO
06021	CA, Glenn	CA-GLENN
06023	CA, Humboldt	CA-HUMBOLDT
06025	CA, Imperial	CA-IMPERIAL
06027	CA, Inyo	CA-INYO
06029	CA, Kern	CA-KERN
06031	CA, Kings	CA-KINGS
06033	CA, Lake	CA-LAKE
06035	CA, Lassen	CA-LASSEN
06037	CA, Los Angeles	CA-LOS ANGELES
06039	CA, Madera	CA-MADERA
06041	CA, Marin	CA-MARIN
06043	CA, Mariposa	CA-MARIPOSA
06045	CA, Mendocino	CA-MENDOCINO
06047	CA, Merced	CA-MERCED
06049	CA, Modoc	CA-MODOC
06051	CA, Mono	CA-MONO
06053	CA, Monterey	CA-MONTEREY
06055	CA, Napa	CA-NAPA
06057	CA, Nevada	CA-NEVADA
06059	CA, Orange	CA-ORANGE
06061	CA, Placer	CA-PLACER
06063	CA, Plumas	CA-PLUMAS
06065	CA, Riverside	CA-RIVERSIDE
06067	CA, Sacramento	CA-SACRAMENTO
06069	CA, San Benito	CA-SAN BENITO
06071	CA, San Bernardino	CA-SAN BERNARDINO
06073	CA, San Diego	CA-SAN DIEGO
06075	CA, San Francisco	CA-SAN FRANCISCO
06077	CA, San Joaquin	CA-SAN JOAQUIN
06079	CA, San Luis Obispo	CA-SAN LUIS OBISPO
06081	CA, San Mateo	CA-SAN MATEO
06083	CA, Santa Barbara	CA-SANTA BARBARA
06085	CA, Santa Clara	CA-SANTA CLARA
06087	CA, Santa Cruz	CA-SANTA CRUZ
06089	CA, Shasta	CA-SHASTA
06091	CA, Sierra	CA-SIERRA
06093	CA, Siskiyou	CA-SISKIYOU
06095	CA, Solano	CA-SOLANO
06097	CA, Sonoma	CA-SONOMA
06099	CA, Stanislaus	CA-STANISLAUS
06101	CA, Sutter	CA-SUTTER
06103	CA, Tehama	CA-TEHAMA
06105	CA, Trinity	CA-TRINITY
06107	CA, Tulare	CA-TULARE
06109	CA, Tuolumne	CA-TUOLUMNE
06111	CA, Ventura	CA-VENTURA
06113	CA, Yolo	CA-YOLO
06115	CA, Yuba	CA-YUBA
08000	CO	CO
08001	CO, Adams	CO-ADAMS
08003	CO, Alamosa	CO-ALAMOSA
08005	CO, Arapahoe	CO-ARAPAHOE
08007	CO, Archuleta	CO-ARCHULETA
08009	CO, Baca	CO-BACA
08011	CO, Bent	CO-BENT
08013	CO, Boulder	CO-BOULDER
08015	CO, Chaffee	CO-CHAFFEE
08017	CO, Cheyenne	CO-CHEYENNE
08019	CO, Clear Creek	CO-CLEAR CREEK
08021	CO, Conejos	CO-CONEJOS
08023	CO, Costilla	CO-COSTILLA
08025	CO, Crowley	CO-CROWLEY
08027	CO, Custer	CO-CUSTER
08029	CO, Delta	CO-DELTA
08031	CO, Denver	CO-DENVER
08033	CO, Dolores	CO-DOLORES
08035	CO, Douglas	CO-DOUGLAS
08037	CO, Eagle	CO-EAGLE
08041	CO, El Paso	CO-EL PASO
08039	CO, Elbert	CO-ELBERT
08043	CO, Fremont	CO-FREMONT
08045	CO, Garfield	CO-GARFIELD
08047	CO, Gilpin	CO-GILPIN
08049	CO, Grand	CO-GRAND
08051	CO, Gunnison	CO-GUNNISON
08053	CO, Hinsdale	CO-HINSDALE
08055	CO, Huerfano	CO-HUERFANO
08057	CO, Jackson	CO-JACKSON
08059	CO, Jefferson	CO-JEFFERSON
08061	CO, Kiowa	CO-KIOWA
08063	CO, Kit Carson	CO-KIT CARSON
08067	CO, La Plata	CO-LA PLATA
08065	CO, Lake	CO-LAKE
08069	CO, Larimer	CO-LARIMER
08071	CO, Las Animas	CO-LAS ANIMAS
08073	CO, Lincoln	CO-LINCOLN
08075	CO, Logan	CO-LOGAN
08077	CO, Mesa	CO-MESA
08079	CO, Mineral	CO-MINERAL
08081	CO, Moffat	CO-MOFFAT
08083	CO, Montezuma	CO-MONTEZUMA
08085	CO, Montrose	CO-MONTROSE
08087	CO, Morgan	CO-MORGAN
08089	CO, Otero	CO-OTERO
08091	CO, Ouray	CO-OURAY
08093	CO, Park	CO-PARK
08095	CO, Phillips	CO-PHILLIPS
08097	CO, Pitkin	CO-PITKIN
08099	CO, Prowers	CO-PROWERS
08101	CO, Pueblo	CO-PUEBLO
08103	CO, Rio Blanco	CO-RIO BLANCO
08105	CO, Rio Grande	CO-RIO GRANDE
08107	CO, Routt	CO-ROUTT
08109	CO, Saguache	CO-SAGUACHE
08111	CO, San Juan	CO-SAN JUAN
08113	CO, San Miguel	CO-SAN MIGUEL
08115	CO, Sedgwick	CO-SEDGWICK
08117	CO, Summit	CO-SUMMIT
08119	CO, Teller	CO-TELLER
08121	CO, Washington	CO-WASHINGTON
08123	CO, Weld	CO-WELD
08125	CO, Yuma	CO-YUMA
09000	CT	CT
09001	CT, Fairfield	CT-FAIRFIELD
09003	CT, Hartford	CT-HARTFORD
09005	CT, Litchfield	CT-LITCHFIELD
09007	CT, Middlesex	CT-MIDDLESEX
09009	CT, New Haven	CT-NEW HAVEN
09011	CT, New London	CT-NEW LONDON
09013	CT, Tolland	CT-TOLLAND
09015	CT, Windham	CT-WINDHAM
11000	DC	DC
11001	DC, District of Columbia	DC-DISTRICT OF COLUMBIA
10000	DE	DE
10001	DE, Kent	DE-KENT
10003	DE, New Castle	DE-NEW CASTLE
10005	DE, Sussex	DE-SUSSEX
12000	FL	FL
12001	FL, Alachua	FL-ALACHUA
12003	FL, Baker	FL-BAKER
12005	FL, Bay	FL-BAY
12007	FL, Bradford	FL-BRADFORD
12009	FL, Brevard	FL-BREVARD
12011	FL, Broward	FL-BROWARD
12013	FL, Calhoun	FL-CALHOUN
12015	FL, Charlotte	FL-CHARLOTTE
12017	FL, Citrus	FL-CITRUS
12019	FL, Clay	FL-CLAY
12021	FL, Collier	FL-COLLIER
12023	FL, Columbia	FL-COLUMBIA
12025	FL, Dade	FL-DADE
12027	FL, De Soto	FL-DE SOTO
12029	FL, Dixie	FL-DIXIE
12031	FL, Duval	FL-DUVAL
12033	FL, Escambia	FL-ESCAMBIA
12035	FL, Flagler	FL-FLAGLER
12037	FL, Franklin	FL-FRANKLIN
12039	FL, Gadsden	FL-GADSDEN
12041	FL, Gilchrist	FL-GILCHRIST
12043	FL, Glades	FL-GLADES
12045	FL, Gulf	FL-GULF
12047	FL, Hamilton	FL-HAMILTON
12049	FL, Hardee	FL-HARDEE
12051	FL, Hendry	FL-HENDRY
12053	FL, Hernando	FL-HERNANDO
12055	FL, Highlands	FL-HIGHLANDS
12057	FL, Hillsborough	FL-HILLSBOROUGH
12059	FL, Holmes	FL-HOLMES
12061	FL, Indian River	FL-INDIAN RIVER
12063	FL, Jackson	FL-JACKSON
12065	FL, Jefferson	FL-JEFFERSON
12067	FL, Lafayette	FL-LAFAYETTE
12069	FL, Lake	FL-LAKE
12071	FL, Lee	FL-LEE
12073	FL, Leon	FL-LEON
12075	FL, Levy	FL-LEVY
12077	FL, Liberty	FL-LIBERTY
12079	FL, Madison	FL-MADISON
12081	FL, Manatee	FL-MANATEE
12083	FL, Marion	FL-MARION
12085	FL, Martin	FL-MARTIN
12087	FL, Monroe	FL-MONROE
12089	FL, Nassau	FL-NASSAU
12091	FL, Okaloosa	FL-OKALOOSA
12093	FL, Okeechobee	FL-OKEECHOBEE
12095	FL, Orange	FL-ORANGE
12097	FL, Osceola	FL-OSCEOLA
12099	FL, Palm Beach	FL-PALM BEACH
12101	FL, Pasco	FL-PASCO
12103	FL, Pinellas	FL-PINELLAS
12105	FL, Polk	FL-POLK
12107	FL, Putnam	FL-PUTNAM
12113	FL, Santa Rosa	FL-SANTA ROSA
12115	FL, Sarasota	FL-SARASOTA
12117	FL, Seminole	FL-SEMINOLE
12109	FL, St. Johns	FL-ST. JOHNS
12111	FL, St. Lucie	FL-ST. LUCIE
12119	FL, Sumter	FL-SUMTER
12121	FL, Suwannee	FL-SUWANNEE
12123	FL, Taylor	FL-TAYLOR
12125	FL, Union	FL-UNION
12127	FL, Volusia	FL-VOLUSIA
12129	FL, Wakulla	FL-WAKULLA
12131	FL, Walton	FL-WALTON
12133	FL, Washington	FL-WASHINGTON
64000	FM	FM
64002	FM, Chuuk	FM-CHUUK
64005	FM, Kosrae	FM-KOSRAE
64040	FM, Pohnpeit	FM-POHNPEIT
64060	FM, Yap	FM-YAP
13000	GA	GA
13001	GA, Appling	GA-APPLING
13003	GA, Atkinson	GA-ATKINSON
13005	GA, Bacon	GA-BACON
13007	GA, Baker	GA-BAKER
13009	GA, Baldwin	GA-BALDWIN
13011	GA, Banks	GA-BANKS
13013	GA, Barrow	GA-BARROW
13015	GA, Bartow	GA-BARTOW
13017	GA, Ben Hill	GA-BEN HILL
13019	GA, Berrien	GA-BERRIEN
13021	GA, Bibb	GA-BIBB
13023	GA, Bleckley	GA-BLECKLEY
13025	GA, Brantley	GA-BRANTLEY
13027	GA, Brooks	GA-BROOKS
13029	GA, Bryan	GA-BRYAN
13031	GA, Bulloch	GA-BULLOCH
13033	GA, Burke	GA-BURKE
13035	GA, Butts	GA-BUTTS
13037	GA, Calhoun	GA-CALHOUN
13039	GA, Camden	GA-CAMDEN
13043	GA, Candler	GA-CANDLER
13045	GA, Carroll	GA-CARROLL
13047	GA, Catoosa	GA-CATOOSA
13049	GA, Charlton	GA-CHARLTON
13051	GA, Chatham	GA-CHATHAM
13053	GA, Chattahoochee	GA-CHATTAHOOCHEE
13055	GA, Chattooga	GA-CHATTOOGA
13057	GA, Cherokee	GA-CHEROKEE
13059	GA, Clarke	GA-CLARKE
13061	GA, Clay	GA-CLAY
13063	GA, Clayton	GA-CLAYTON
13065	GA, Clinch	GA-CLINCH
13067	GA, Cobb	GA-COBB
13069	GA, Coffee	GA-COFFEE
13071	GA, Colquitt	GA-COLQUITT
13073	GA, Columbia	GA-COLUMBIA
13075	GA, Cook	GA-COOK
13077	GA, Coweta	GA-COWETA
13079	GA, Crawford	GA-CRAWFORD
13081	GA, Crisp	GA-CRISP
13083	GA, Dade	GA-DADE
13085	GA, Dawson	GA-DAWSON
13089	GA, De Kalb	GA-DE KALB
13087	GA, Decatur	GA-DECATUR
13091	GA, Dodge	GA-DODGE
13093	GA, Dooly	GA-DOOLY
13095	GA, Dougherty	GA-DOUGHERTY
13097	GA, Douglas	GA-DOUGLAS
13099	GA, Early	GA-EARLY
13101	GA, Echols	GA-ECHOLS
13103	GA, Effingham	GA-EFFINGHAM
13105	GA, Elbert	GA-ELBERT
13107	GA, Emanuel	GA-EMANUEL
13109	GA, Evans	GA-EVANS
13111	GA, Fannin	GA-FANNIN
13113	GA, Fayette	GA-FAYETTE
13115	GA, Floyd	GA-FLOYD
13117	GA, Forsyth	GA-FORSYTH
13119	GA, Franklin	GA-FRANKLIN
13121	GA, Fulton	GA-FULTON
13123	GA, Gilmer	GA-GILMER
13125	GA, Glascock	GA-GLASCOCK
13127	GA, Glynn	GA-GLYNN
13129	GA, Gordon	GA-GORDON
13131	GA, Grady	GA-GRADY
13133	GA, Greene	GA-GREENE
13135	GA, Gwinnett	GA-GWINNETT
13137	GA, Habersham	GA-HABERSHAM
13139	GA, Hall	GA-HALL
13141	GA, Hancock	GA-HANCOCK
13143	GA, Haralson	GA-HARALSON
13145	GA, Harris	GA-HARRIS
13147	GA, Hart	GA-HART
13149	GA, Heard	GA-HEARD
13151	GA, Henry	GA-HENRY
13153	GA, Houston	GA-HOUSTON
13155	GA, Irwin	GA-IRWIN
13157	GA, Jackson	GA-JACKSON
13159	GA, Jasper	GA-JASPER
13161	GA, Jeff Davis	GA-JEFF DAVIS
13163	GA, Jefferson	GA-JEFFERSON
13165	GA, Jenkins	GA-JENKINS
13167	GA, Johnson	GA-JOHNSON
13169	GA, Jones	GA-JONES
13171	GA, Lamar	GA-LAMAR
13173	GA, Lanier	GA-LANIER
13175	GA, Laurens	GA-LAURENS
13177	GA, Lee	GA-LEE
13179	GA, Liberty	GA-LIBERTY
13181	GA, Lincoln	GA-LINCOLN
13183	GA, Long	GA-LONG
13185	GA, Lowndes	GA-LOWNDES
13187	GA, Lumpkin	GA-LUMPKIN
13193	GA, Macon	GA-MACON
13195	GA, Madison	GA-MADISON
13197	GA, Marion	GA-MARION
13189	GA, McDuffie	GA-MCDUFFIE
13191	GA, McIntosh	GA-MCINTOSH
13199	GA, Meriwether	GA-MERIWETHER
13201	GA, Miller	GA-MILLER
13205	GA, Mitchell	GA-MITCHELL
13207	GA, Monroe	GA-MONROE
13209	GA, Montgomery	GA-MONTGOMERY
13211	GA, Morgan	GA-MORGAN
13213	GA, Murray	GA-MURRAY
13215	GA, Muscogee	GA-MUSCOGEE
13217	GA, Newton	GA-NEWTON
13219	GA, Oconee	GA-OCONEE
13221	GA, Oglethorpe	GA-OGLETHORPE
13223	GA, Paulding	GA-PAULDING
13225	GA, Peach	GA-PEACH
13227	GA, Pickens	GA-PICKENS
13229	GA, Pierce	GA-PIERCE
13231	GA, Pike	GA-PIKE
13233	GA, Polk	GA-POLK
13235	GA, Pulaski	GA-PULASKI
13237	GA, Putnam	GA-PUTNAM
13239	GA, Quitman	GA-QUITMAN
13241	GA, Rabun	GA-RABUN
13243	GA, Randolph	GA-RANDOLPH
13245	GA, Richmond	GA-RICHMOND
13247	GA, Rockdale	GA-ROCKDALE
13249	GA, Schley	GA-SCHLEY
13251	GA, Screven	GA-SCREVEN
13253	GA, Seminole	GA-SEMINOLE
13255	GA, Spalding	GA-SPALDING
13257	GA, Stephens	GA-STEPHENS
13259	GA, Stewart	GA-STEWART
13261	GA, Sumter	GA-SUMTER
13263	GA, Talbot	GA-TALBOT
13265	GA, Taliaferro	GA-TALIAFERRO
13267	GA, Tattnall	GA-TATTNALL
13269	GA, Taylor	GA-TAYLOR
13271	GA, Telfair	GA-TELFAIR
13273	GA, Terrell	GA-TERRELL
13275	GA, Thomas	GA-THOMAS
13277	GA, Tift	GA-TIFT
13279	GA, Toombs	GA-TOOMBS
13281	GA, Towns	GA-TOWNS
13283	GA, Treutlen	GA-TREUTLEN
13285	GA, Troup	GA-TROUP
13287	GA, Turner	GA-TURNER
13289	GA, Twiggs	GA-TWIGGS
13291	GA, Union	GA-UNION
13293	GA, Upson	GA-UPSON
13295	GA, Walker	GA-WALKER
13297	GA, Walton	GA-WALTON
13299	GA, Ware	GA-WARE
13301	GA, Warren	GA-WARREN
13303	GA, Washington	GA-WASHINGTON
13305	GA, Wayne	GA-WAYNE
13307	GA, Webster	GA-WEBSTER
13309	GA, Wheeler	GA-WHEELER
13311	GA, White	GA-WHITE
13313	GA, Whitfield	GA-WHITFIELD
13315	GA, Wilcox	GA-WILCOX
13317	GA, Wilkes	GA-WILKES
13319	GA, Wilkinson	GA-WILKINSON
13321	GA, Worth	GA-WORTH
66000	GU	GU
66010	GU, Guam	GU-GUAM
15000	HI	HI
15001	HI, Hawaii	HI-HAWAII
15003	HI, Honolulu	HI-HONOLULU
15005	HI, Kalawao	HI-KALAWAO
15007	HI, Kauai	HI-KAUAI
15009	HI, Maui	HI-MAUI
19000	IA	IA
19001	IA, Adair	IA-ADAIR
19003	IA, Adams	IA-ADAMS
19005	IA, Allamakee	IA-ALLAMAKEE
19007	IA, Appanoose	IA-APPANOOSE
19009	IA, Audubon	IA-AUDUBON
19011	IA, Benton	IA-BENTON
19013	IA, Black Hawk	IA-BLACK HAWK
19015	IA, Boone	IA-BOONE
19017	IA, Bremer	IA-BREMER
19019	IA, Buchanan	IA-BUCHANAN
19021	IA, Buena Vista	IA-BUENA VISTA
19023	IA, Butler	IA-BUTLER
19025	IA, Calhoun	IA-CALHOUN
19027	IA, Carroll	IA-CARROLL
19029	IA, Cass	IA-CASS
19031	IA, Cedar	IA-CEDAR
19033	IA, Cerro Gordo	IA-CERRO GORDO
19035	IA, Cherokee	IA-CHEROKEE
19037	IA, Chickasaw	IA-CHICKASAW
19039	IA, Clarke	IA-CLARKE
19041	IA, Clay	IA-CLAY
19043	IA, Clayton	IA-CLAYTON
19045	IA, Clinton	IA-CLINTON
19047	IA, Crawford	IA-CRAWFORD
19049	IA, Dallas	IA-DALLAS
19051	IA, Davis	IA-DAVIS
19053	IA, Decatur	IA-DECATUR
19055	IA, Delaware	IA-DELAWARE
19057	IA, Des Moines	IA-DES MOINES
19059	IA, Dickinson	IA-DICKINSON
19061	IA, Dubuque	IA-DUBUQUE
19063	IA, Emmet	IA-EMMET
19065	IA, Fayette	IA-FAYETTE
19067	IA, Floyd	IA-FLOYD
19069	IA, Franklin	IA-FRANKLIN
19071	IA, Fremont	IA-FREMONT
19073	IA, Greene	IA-GREENE
19075	IA, Grundy	IA-GRUNDY
19077	IA, Guthrie	IA-GUTHRIE
19079	IA, Hamilton	IA-HAMILTON
19081	IA, Hancock	IA-HANCOCK
19083	IA, Hardin	IA-HARDIN
19085	IA, Harrison	IA-HARRISON
19087	IA, Henry	IA-HENRY
19089	IA, Howard	IA-HOWARD
19091	IA, Humboldt	IA-HUMBOLDT
19093	IA, Ida	IA-IDA
19095	IA, Iowa	IA-IOWA
19097	IA, Jackson	IA-JACKSON
19099	IA, Jasper	IA-JASPER
19101	IA, Jefferson	IA-JEFFERSON
19103	IA, Johnson	IA-JOHNSON
19105	IA, Jones	IA-JONES
19107	IA, Keokuk	IA-KEOKUK
19109	IA, Kossuth	IA-KOSSUTH
19111	IA, Lee	IA-LEE
19113	IA, Linn	IA-LINN
19115	IA, Louisa	IA-LOUISA
19117	IA, Lucas	IA-LUCAS
19119	IA, Lyon	IA-LYON
19121	IA, Madison	IA-MADISON
19123	IA, Mahaska	IA-MAHASKA
19125	IA, Marion	IA-MARION
19127	IA, Marshall	IA-MARSHALL
19129	IA, Mills	IA-MILLS
19131	IA, Mitchell	IA-MITCHELL
19133	IA, Monona	IA-MONONA
19135	IA, Monroe	IA-MONROE
19137	IA, Montgomery	IA-MONTGOMERY
19139	IA, Muscatine	IA-MUSCATINE
19141	IA, O'Brien	IA-O'BRIEN
19143	IA, Osceola	IA-OSCEOLA
19145	IA, Page	IA-PAGE
19147	IA, Palo Alto	IA-PALO ALTO
19149	IA, Plymouth	IA-PLYMOUTH
19151	IA, Pocahontas	IA-POCAHONTAS
19153	IA, Polk	IA-POLK
19155	IA, Pottawattamie	IA-POTTAWATTAMIE
19157	IA, Poweshiek	IA-POWESHIEK
19159	IA, Ringgold	IA-RINGGOLD
19161	IA, Sac	IA-SAC
19163	IA, Scott	IA-SCOTT
19165	IA, Shelby	IA-SHELBY
19167	IA, Sioux	IA-SIOUX
19169	IA, Story	IA-STORY
19171	IA, Tama	IA-TAMA
19173	IA, Taylor	IA-TAYLOR
19175	IA, Union	IA-UNION
19177	IA, Van Buren	IA-VAN BUREN
19179	IA, Wapello	IA-WAPELLO
19181	IA, Warren	IA-WARREN
19183	IA, Washington	IA-WASHINGTON
19185	IA, Wayne	IA-WAYNE
19187	IA, Webster	IA-WEBSTER
19189	IA, Winnebago	IA-WINNEBAGO
19191	IA, Winneshiek	IA-WINNESHIEK
19193	IA, Woodbury	IA-WOODBURY
19195	IA, Worth	IA-WORTH
19197	IA, Wright	IA-WRIGHT
16000	ID	ID
16001	ID, Ada	ID-ADA
16003	ID, Adams	ID-ADAMS
16005	ID, Bannock	ID-BANNOCK
16007	ID, Bear Lake	ID-BEAR LAKE
16009	ID, Benewah	ID-BENEWAH
16011	ID, Bingham	ID-BINGHAM
16013	ID, Blaine	ID-BLAINE
16015	ID, Boise	ID-BOISE
16017	ID, Bonner	ID-BONNER
16019	ID, Bonneville	ID-BONNEVILLE
16021	ID, Boundary	ID-BOUNDARY
16023	ID, Butte	ID-BUTTE
16025	ID, Camas	ID-CAMAS
16027	ID, Canyon	ID-CANYON
16029	ID, Caribou	ID-CARIBOU
16031	ID, Cassia	ID-CASSIA
16033	ID, Clark	ID-CLARK
16035	ID, Clearwater	ID-CLEARWATER
16037	ID, Custer	ID-CUSTER
16039	ID, Elmore	ID-ELMORE
16041	ID, Franklin	ID-FRANKLIN
16043	ID, Fremont	ID-FREMONT
16045	ID, Gem	ID-GEM
16047	ID, Gooding	ID-GOODING
16049	ID, Idaho	ID-IDAHO
16051	ID, Jefferson	ID-JEFFERSON
16053	ID, Jerome	ID-JEROME
16055	ID, Kootenai	ID-KOOTENAI
16057	ID, Latah	ID-LATAH
16059	ID, Lemhi	ID-LEMHI
16061	ID, Lewis	ID-LEWIS
16063	ID, Lincoln	ID-LINCOLN
16065	ID, Madison	ID-MADISON
16067	ID, Minidoka	ID-MINIDOKA
16069	ID, Nez Perce	ID-NEZ PERCE
16071	ID, Oneida	ID-ONEIDA
16073	ID, Owyhee	ID-OWYHEE
16075	ID, Payette	ID-PAYETTE
16077	ID, Power	ID-POWER
16079	ID, Shoshone	ID-SHOSHONE
16081	ID, Teton	ID-TETON
16083	ID, Twin Falls	ID-TWIN FALLS
16085	ID, Valley	ID-VALLEY
16087	ID, Washington	ID-WASHINGTON
17000	IL	IL
17001	IL, Adams	IL-ADAMS
17003	IL, Alexander	IL-ALEXANDER
17005	IL, Bond	IL-BOND
17007	IL, Boone	IL-BOONE
17009	IL, Brown	IL-BROWN
17011	IL, Bureau	IL-BUREAU
17013	IL, Calhoun	IL-CALHOUN
17015	IL, Carroll	IL-CARROLL
17017	IL, Cass	IL-CASS
17019	IL, Champaign	IL-CHAMPAIGN
17021	IL, Christian	IL-CHRISTIAN
17023	IL, Clark	IL-CLARK
17025	IL, Clay	IL-CLAY
17027	IL, Clinton	IL-CLINTON
17029	IL, Coles	IL-COLES
17031	IL, Cook	IL-COOK
17033	IL, Crawford	IL-CRAWFORD
17035	IL, Cumberland	IL-CUMBERLAND
17039	IL, De Witt	IL-DE WITT
17037	IL, DeKalb	IL-DEKALB
17041	IL, Douglas	IL-DOUGLAS
17043	IL, DuPage	IL-DUPAGE
17045	IL, Edgar	IL-EDGAR
17047	IL, Edwards	IL-EDWARDS
17049	IL, Effingham	IL-EFFINGHAM
17051	IL, Fayette	IL-FAYETTE
17053	IL, Ford	IL-FORD
17055	IL, Franklin	IL-FRANKLIN
17057	IL, Fulton	IL-FULTON
17059	IL, Gallatin	IL-GALLATIN
17061	IL, Greene	IL-GREENE
17063	IL, Grundy	IL-GRUNDY
17065	IL, Hamilton	IL-HAMILTON
17067	IL, Hancock	IL-HANCOCK
17069	IL, Hardin	IL-HARDIN
17071	IL, Henderson	IL-HENDERSON
17073	IL, Henry	IL-HENRY
17075	IL, Iroquois	IL-IROQUOIS
17077	IL, Jackson	IL-JACKSON
17079	IL, Jasper	IL-JASPER
17081	IL, Jefferson	IL-JEFFERSON
17083	IL, Jersey	IL-JERSEY
17085	IL, Jo Daviess	IL-JO DAVIESS
17087	IL, Johnson	IL-JOHNSON
17089	IL, Kane	IL-KANE
17091	IL, Kankakee	IL-KANKAKEE
17093	IL, Kendall	IL-KENDALL
17095	IL, Knox	IL-KNOX
17099	IL, La Salle	IL-LA SALLE
17097	IL, Lake	IL-LAKE
17101	IL, Lawrence	IL-LAWRENCE
17103	IL, Lee	IL-LEE
17105	IL, Livingston	IL-LIVINGSTON
17107	IL, Logan	IL-LOGAN
17115	IL, Macon	IL-MACON
17117	IL, Macoupin	IL-MACOUPIN
17119	IL, Madison	IL-MADISON
17121	IL, Marion	IL-MARION
17123	IL, Marshall	IL-MARSHALL
17125	IL, Mason	IL-MASON
17127	IL, Massac	IL-MASSAC
17109	IL, McDonough	IL-MCDONOUGH
17111	IL, McHenry	IL-MCHENRY
17113	IL, McLean	IL-MCLEAN
17129	IL, Menard	IL-MENARD
17131	IL, Mercer	IL-MERCER
17133	IL, Monroe	IL-MONROE
17135	IL, Montgomery	IL-MONTGOMERY
17137	IL, Morgan	IL-MORGAN
17139	IL, Moultrie	IL-MOULTRIE
17141	IL, Ogle	IL-OGLE
17143	IL, Peoria	IL-PEORIA
17145	IL, Perry	IL-PERRY
17147	IL, Piatt	IL-PIATT
17149	IL, Pike	IL-PIKE
17151	IL, Pope	IL-POPE
17153	IL, Pulaski	IL-PULASKI
17155	IL, Putnam	IL-PUTNAM
17157	IL, Randolph	IL-RANDOLPH
17159	IL, Richland	IL-RICHLAND
17161	IL, Rock Island	IL-ROCK ISLAND
17165	IL, Saline	IL-SALINE
17167	IL, Sangamon	IL-SANGAMON
17169	IL, Schuyler	IL-SCHUYLER
17171	IL, Scott	IL-SCOTT
17173	IL, Shelby	IL-SHELBY
17163	IL, St. Clair	IL-ST. CLAIR
17175	IL, Stark	IL-STARK
17177	IL, Stephenson	IL-STEPHENSON
17179	IL, Tazewell	IL-TAZEWELL
17181	IL, Union	IL-UNION
17183	IL, Vermilion	IL-VERMILION
17185	IL, Wabash	IL-WABASH
17187	IL, Warren	IL-WARREN
17189	IL, Washington	IL-WASHINGTON
17191	IL, Wayne	IL-WAYNE
17193	IL, White	IL-WHITE
17195	IL, Whiteside	IL-WHITESIDE
17197	IL, Will	IL-WILL
17199	IL, Williamson	IL-WILLIAMSON
17201	IL, Winnebago	IL-WINNEBAGO
17203	IL, Woodford	IL-WOODFORD
18000	IN	IN
18001	IN, Adams	IN-ADAMS
18003	IN, Allen	IN-ALLEN
18005	IN, Bartholomew	IN-BARTHOLOMEW
18007	IN, Benton	IN-BENTON
18009	IN, Blackford	IN-BLACKFORD
18011	IN, Boone	IN-BOONE
18013	IN, Brown	IN-BROWN
18015	IN, Carroll	IN-CARROLL
18017	IN, Cass	IN-CASS
18019	IN, Clark	IN-CLARK
18021	IN, Clay	IN-CLAY
18023	IN, Clinton	IN-CLINTON
18025	IN, Crawford	IN-CRAWFORD
18027	IN, Daviess	IN-DAVIESS
18033	IN, De Kalb	IN-DE KALB
18029	IN, Dearborn	IN-DEARBORN
18031	IN, Decatur	IN-DECATUR
18035	IN, Delaware	IN-DELAWARE
18037	IN, Dubois	IN-DUBOIS
18039	IN, Elkhart	IN-ELKHART
18041	IN, Fayette	IN-FAYETTE
18043	IN, Floyd	IN-FLOYD
18045	IN, Fountain	IN-FOUNTAIN
18047	IN, Franklin	IN-FRANKLIN
18049	IN, Fulton	IN-FULTON
18051	IN, Gibson	IN-GIBSON
18053	IN, Grant	IN-GRANT
18055	IN, Greene	IN-GREENE
18057	IN, Hamilton	IN-HAMILTON
18059	IN, Hancock	IN-HANCOCK
18061	IN, Harrison	IN-HARRISON
18063	IN, Hendricks	IN-HENDRICKS
18065	IN, Henry	IN-HENRY
18067	IN, Howard	IN-HOWARD
18069	IN, Huntington	IN-HUNTINGTON
18071	IN, Jackson	IN-JACKSON
18073	IN, Jasper	IN-JASPER
18075	IN, Jay	IN-JAY
18077	IN, Jefferson	IN-JEFFERSON
18079	IN, Jennings	IN-JENNINGS
18081	IN, Johnson	IN-JOHNSON
18083	IN, Knox	IN-KNOX
18085	IN, Kosciusko	IN-KOSCIUSKO
18091	IN, La Porte	IN-LA PORTE
18087	IN, Lagrange	IN-LAGRANGE
18089	IN, Lake	IN-LAKE
18093	IN, Lawrence	IN-LAWRENCE
18095	IN, Madison	IN-MADISON
18097	IN, Marion	IN-MARION
18099	IN, Marshall	IN-MARSHALL
18101	IN, Martin	IN-MARTIN
18103	IN, Miami	IN-MIAMI
18105	IN, Monroe	IN-MONROE
18107	IN, Montgomery	IN-MONTGOMERY
18109	IN, Morgan	IN-MORGAN
18111	IN, Newton	IN-NEWTON
18113	IN, Noble	IN-NOBLE
18115	IN, Ohio	IN-OHIO
18117	IN, Orange	IN-ORANGE
18119	IN, Owen	IN-OWEN
18121	IN, Parke	IN-PARKE
18123	IN, Perry	IN-PERRY
18125	IN, Pike	IN-PIKE
18127	IN, Porter	IN-PORTER
18129	IN, Posey	IN-POSEY
18131	IN, Pulaski	IN-PULASKI
18133	IN, Putnam	IN-PUTNAM
18135	IN, Randolph	IN-RANDOLPH
18137	IN, Ripley	IN-RIPLEY
18139	IN, Rush	IN-RUSH
18143	IN, Scott	IN-SCOTT
18145	IN, Shelby	IN-SHELBY
18147	IN, Spencer	IN-SPENCER
18141	IN, St. Joseph	IN-ST. JOSEPH
18149	IN, Starke	IN-STARKE
18151	IN, Steuben	IN-STEUBEN
18153	IN, Sullivan	IN-SULLIVAN
18155	IN, Switzerland	IN-SWITZERLAND
18157	IN, Tippecanoe	IN-TIPPECANOE
18159	IN, Tipton	IN-TIPTON
18161	IN, Union	IN-UNION
18163	IN, Vanderburgh	IN-VANDERBURGH
18165	IN, Vermillion	IN-VERMILLION
18167	IN, Vigo	IN-VIGO
18169	IN, Wabash	IN-WABASH
18171	IN, Warren	IN-WARREN
18173	IN, Warrick	IN-WARRICK
18175	IN, Washington	IN-WASHINGTON
18177	IN, Wayne	IN-WAYNE
18179	IN, Wells	IN-WELLS
18181	IN, White	IN-WHITE
18183	IN, Whitley	IN-WHITLEY
20000	KS	KS
20001	KS, Allen	KS-ALLEN
20003	KS, Anderson	KS-ANDERSON
20005	KS, Atchison	KS-ATCHISON
20007	KS, Barber	KS-BARBER
20009	KS, Barton	KS-BARTON
20011	KS, Bourbon	KS-BOURBON
20013	KS, Brown	KS-BROWN
20015	KS, Butler	KS-BUTLER
20017	KS, Chase	KS-CHASE
20019	KS, Chautauqua	KS-CHAUTAUQUA
20021	KS, Cherokee	KS-CHEROKEE
20023	KS, Cheyenne	KS-CHEYENNE
20025	KS, Clark	KS-CLARK
20027	KS, Clay	KS-CLAY
20029	KS, Cloud	KS-CLOUD
20031	KS, Coffey	KS-COFFEY
20033	KS, Comanche	KS-COMANCHE
20035	KS, Cowley	KS-COWLEY
20037	KS, Crawford	KS-CRAWFORD
20039	KS, Decatur	KS-DECATUR
20041	KS, Dickinson	KS-DICKINSON
20043	KS, Doniphan	KS-DONIPHAN
20045	KS, Douglas	KS-DOUGLAS
20047	KS, Edwards	KS-EDWARDS
20049	KS, Elk	KS-ELK
20051	KS, Ellis	KS-ELLIS
20053	KS, Ellsworth	KS-ELLSWORTH
20055	KS, Finney	KS-FINNEY
20057	KS, Ford	KS-FORD
20059	KS, Franklin	KS-FRANKLIN
20061	KS, Geary	KS-GEARY
20063	KS, Gove	KS-GOVE
20065	KS, Graham	KS-GRAHAM
20067	KS, Grant	KS-GRANT
20069	KS, Gray	KS-GRAY
20071	KS, Greeley	KS-GREELEY
20073	KS, Greenwood	KS-GREENWOOD
20075	KS, Hamilton	KS-HAMILTON
20077	KS, Harper	KS-HARPER
20079	KS, Harvey	KS-HARVEY
20081	KS, Haskell	KS-HASKELL
20083	KS, Hodgeman	KS-HODGEMAN
20085	KS, Jackson	KS-JACKSON
20087	KS, Jefferson	KS-JEFFERSON
20089	KS, Jewell	KS-JEWELL
20091	KS, Johnson	KS-JOHNSON
20093	KS, Kearny	KS-KEARNY
20095	KS, Kingman	KS-KINGMAN
20097	KS, Kiowa	KS-KIOWA
20099	KS, Labette	KS-LABETTE
20101	KS, Lane	KS-LANE
20103	KS, Leavenworth	KS-LEAVENWORTH
20105	KS, Lincoln	KS-LINCOLN
20107	KS, Linn	KS-LINN
20109	KS, Logan	KS-LOGAN
20111	KS, Lyon	KS-LYON
20115	KS, Marion	KS-MARION
20117	KS, Marshall	KS-MARSHALL
20113	KS, McPherson	KS-MCPHERSON
20119	KS, Meade	KS-MEADE
20121	KS, Miami	KS-MIAMI
20123	KS, Mitchell	KS-MITCHELL
20125	KS, Montgomery	KS-MONTGOMERY
20127	KS, Morris	KS-MORRIS
20129	KS, Morton	KS-MORTON
20131	KS, Nemaha	KS-NEMAHA
20133	KS, Neosho	KS-NEOSHO
20135	KS, Ness	KS-NESS
20137	KS, Norton	KS-NORTON
20139	KS, Osage	KS-OSAGE
20141	KS, Osborne	KS-OSBORNE
20143	KS, Ottawa	KS-OTTAWA
20145	KS, Pawnee	KS-PAWNEE
20147	KS, Phillips	KS-PHILLIPS
20149	KS, Pottawatomie	KS-POTTAWATOMIE
20151	KS, Pratt	KS-PRATT
20153	KS, Rawlins	KS-RAWLINS
20155	KS, Reno	KS-RENO
20157	KS, Republic	KS-REPUBLIC
20159	KS, Rice	KS-RICE
20161	KS, Riley	KS-RILEY
20163	KS, Rooks	KS-ROOKS
20165	KS, Rush	KS-RUSH
20167	KS, Russell	KS-RUSSELL
20169	KS, Saline	KS-SALINE
20171	KS, Scott	KS-SCOTT
20173	KS, Sedgwick	KS-SEDGWICK
20175	KS, Seward	KS-SEWARD
20177	KS, Shawnee	KS-SHAWNEE
20179	KS, Sheridan	KS-SHERIDAN
20181	KS, Sherman	KS-SHERMAN
20183	KS, Smith	KS-SMITH
20185	KS, Stafford	KS-STAFFORD
20187	KS, Stanton	KS-STANTON
20189	KS, Stevens	KS-STEVENS
20191	KS, Sumner	KS-SUMNER
20193	KS, Thomas	KS-THOMAS
20195	KS, Trego	KS-TREGO
20197	KS, Wabaunsee	KS-WABAUNSEE
20199	KS, Wallace	KS-WALLACE
20201	KS, Washington	KS-WASHINGTON
20203	KS, Wichita	KS-WICHITA
20205	KS, Wilson	KS-WILSON
20207	KS, Woodson	KS-WOODSON
20209	KS, Wyandotte	KS-WYANDOTTE
21000	KY	KY
21001	KY, Adair	KY-ADAIR
21003	KY, Allen	KY-ALLEN
21005	KY, Anderson	KY-ANDERSON
21007	KY, Ballard	KY-BALLARD
21009	KY, Barren	KY-BARREN
21011	KY, Bath	KY-BATH
21013	KY, Bell	KY-BELL
21015	KY, Boone	KY-BOONE
21017	KY, Bourbon	KY-BOURBON
21019	KY, Boyd	KY-BOYD
21021	KY, Boyle	KY-BOYLE
21023	KY, Bracken	KY-BRACKEN
21025	KY, Breathitt	KY-BREATHITT
21027	KY, Breckinridge	KY-BRECKINRIDGE
21029	KY, Bullitt	KY-BULLITT
21031	KY, Butler	KY-BUTLER
21033	KY, Caldwell	KY-CALDWELL
21035	KY, Calloway	KY-CALLOWAY
21037	KY, Campbell	KY-CAMPBELL
21039	KY, Carlisle	KY-CARLISLE
21041	KY, Carroll	KY-CARROLL
21043	KY, Carter	KY-CARTER
21045	KY, Casey	KY-CASEY
21047	KY, Christian	KY-CHRISTIAN
21049	KY, Clark	KY-CLARK
21051	KY, Clay	KY-CLAY
21053	KY, Clinton	KY-CLINTON
21055	KY, Crittenden	KY-CRITTENDEN
21057	KY, Cumberland	KY-CUMBERLAND
21059	KY, Daviess	KY-DAVIESS
21061	KY, Edmonson	KY-EDMONSON
21063	KY, Elliott	KY-ELLIOTT
21065	KY, Estill	KY-ESTILL
21067	KY, Fayette	KY-FAYETTE
21069	KY, Fleming	KY-FLEMING
21071	KY, Floyd	KY-FLOYD
21073	KY, Franklin	KY-FRANKLIN
21075	KY, Fulton	KY-FULTON
21077	KY, Gallatin	KY-GALLATIN
21079	KY, Garrard	KY-GARRARD
21081	KY, Grant	KY-GRANT
21083	KY, Graves	KY-GRAVES
21085	KY, Grayson	KY-GRAYSON
21087	KY, Green	KY-GREEN
21089	KY, Greenup	KY-GREENUP
21091	KY, Hancock	KY-HANCOCK
21093	KY, Hardin	KY-HARDIN
21095	KY, Harlan	KY-HARLAN
21097	KY, Harrison	KY-HARRISON
21099	KY, Hart	KY-HART
21101	KY, Henderson	KY-HENDERSON
21103	KY, Henry	KY-HENRY
21105	KY, Hickman	KY-HICKMAN
21107	KY, Hopkins	KY-HOPKINS
21109	KY, Jackson	KY-JACKSON
21111	KY, Jefferson	KY-JEFFERSON
21113	KY, Jessamine	KY-JESSAMINE
21115	KY, Johnson	KY-JOHNSON
21117	KY, Kenton	KY-KENTON
21119	KY, Knott	KY-KNOTT
21121	KY, Knox	KY-KNOX
21123	KY, Larue	KY-LARUE
21125	KY, Laurel	KY-LAUREL
21127	KY, Lawrence	KY-LAWRENCE
21129	KY, Lee	KY-LEE
21131	KY, Leslie	KY-LESLIE
21133	KY, Letcher	KY-LETCHER
21135	KY, Lewis	KY-LEWIS
21137	KY, Lincoln	KY-LINCOLN
21139	KY, Livingston	KY-LIVINGSTON
21141	KY, Logan	KY-LOGAN
21143	KY, Lyon	KY-LYON
21151	KY, Madison	KY-MADISON
21153	KY, Magoffin	KY-MAGOFFIN
21155	KY, Marion	KY-MARION
21157	KY, Marshall	KY-MARSHALL
21159	KY, Martin	KY-MARTIN
21161	KY, Mason	KY-MASON
21145	KY, McCracken	KY-MCCRACKEN
21147	KY, McCreary	KY-MCCREARY
21149	KY, McLean	KY-MCLEAN
21163	KY, Meade	KY-MEADE
21165	KY, Menifee	KY-MENIFEE
21167	KY, Mercer	KY-MERCER
21169	KY, Metcalfe	KY-METCALFE
21171	KY, Monroe	KY-MONROE
21173	KY, Montgomery	KY-MONTGOMERY
21175	KY, Morgan	KY-MORGAN
21177	KY, Muhlenberg	KY-MUHLENBERG
21179	KY, Nelson	KY-NELSON
21181	KY, Nicholas	KY-NICHOLAS
21183	KY, Ohio	KY-OHIO
21185	KY, Oldham	KY-OLDHAM
21187	KY, Owen	KY-OWEN
21189	KY, Owsley	KY-OWSLEY
21191	KY, Pendleton	KY-PENDLETON
21193	KY, Perry	KY-PERRY
21195	KY, Pike	KY-PIKE
21197	KY, Powell	KY-POWELL
21199	KY, Pulaski	KY-PULASKI
21201	KY, Robertson	KY-ROBERTSON
21203	KY, Rockcastle	KY-ROCKCASTLE
21205	KY, Rowan	KY-ROWAN
21207	KY, Russell	KY-RUSSELL
21209	KY, Scott	KY-SCOTT
21211	KY, Shelby	KY-SHELBY
21213	KY, Simpson	KY-SIMPSON
21215	KY, Spencer	KY-SPENCER
21217	KY, Taylor	KY-TAYLOR
21219	KY, Todd	KY-TODD
21221	KY, Trigg	KY-TRIGG
21223	KY, Trimble	KY-TRIMBLE
21225	KY, Union	KY-UNION
21227	KY, Warren	KY-WARREN
21229	KY, Washington	KY-WASHINGTON
21231	KY, Wayne	KY-WAYNE
21233	KY, Webster	KY-WEBSTER
21235	KY, Whitley	KY-WHITLEY
21237	KY, Wolfe	KY-WOLFE
21239	KY, Woodford	KY-WOODFORD
22000	LA	LA
22001	LA, Acadia	LA-ACADIA
22003	LA, Allen	LA-ALLEN
22005	LA, Ascension	LA-ASCENSION
22007	LA, Assumption	LA-ASSUMPTION
22009	LA, Avoyelles	LA-AVOYELLES
22011	LA, Beauregard	LA-BEAUREGARD
22013	LA, Bienville	LA-BIENVILLE
22015	LA, Bossier	LA-BOSSIER
22017	LA, Caddo	LA-CADDO
22019	LA, Calcasieu	LA-CALCASIEU
22021	LA, Caldwell	LA-CALDWELL
22023	LA, Cameron	LA-CAMERON
22025	LA, Catahoula	LA-CATAHOULA
22027	LA, Claiborne	LA-CLAIBORNE
22029	LA, Concordia	LA-CONCORDIA
22031	LA, De Soto	LA-DE SOTO
22033	LA, East Baton Rouge	LA-EAST BATON ROUGE
22035	LA, East Carroll	LA-EAST CARROLL
22037	LA, East Feliciana	LA-EAST FELICIANA
22039	LA, Evangeline	LA-EVANGELINE
22041	LA, Franklin	LA-FRANKLIN
22043	LA, Grant	LA-GRANT
22045	LA, Iberia	LA-IBERIA
22047	LA, Iberville	LA-IBERVILLE
22049	LA, Jackson	LA-JACKSON
22051	LA, Jefferson	LA-JEFFERSON
22053	LA, Jefferson Davis	LA-JEFFERSON DAVIS
22059	LA, La Salle	LA-LA SALLE
22055	LA, Lafayette	LA-LAFAYETTE
22057	LA, Lafourche	LA-LAFOURCHE
22061	LA, Lincoln	LA-LINCOLN
22063	LA, Livingston	LA-LIVINGSTON
22065	LA, Madison	LA-MADISON
22067	LA, Morehouse	LA-MOREHOUSE
22069	LA, Natchitoches	LA-NATCHITOCHES
22071	LA, Orleans	LA-ORLEANS
22073	LA, Ouachita	LA-OUACHITA
22075	LA, Plaquemines	LA-PLAQUEMINES
22077	LA, Pointe Coupee	LA-POINTE COUPEE
22079	LA, Rapides	LA-RAPIDES
22081	LA, Red River	LA-RED RIVER
22083	LA, Richland	LA-RICHLAND
22085	LA, Sabine	LA-SABINE
22087	LA, St. Bernard	LA-ST. BERNARD
22089	LA, St. Charles	LA-ST. CHARLES
22091	LA, St. Helena	LA-ST. HELENA
22093	LA, St. James	LA-ST. JAMES
22095	LA, St. John the Baptist	LA-ST. JOHN THE BAPTIST
22097	LA, St. Landry	LA-ST. LANDRY
22099	LA, St. Martin	LA-ST. MARTIN
22101	LA, St. Mary	LA-ST. MARY
22103	LA, St. Tammany	LA-ST. TAMMANY
22105	LA, Tangipahoa	LA-TANGIPAHOA
22107	LA, Tensas	LA-TENSAS
22109	LA, Terrebonne	LA-TERREBONNE
22111	LA, Union	LA-UNION
22113	LA, Vermilion	LA-VERMILION
22115	LA, Vernon	LA-VERNON
22117	LA, Washington	LA-WASHINGTON
22119	LA, Webster	LA-WEBSTER
22121	LA, West Baton Rouge	LA-WEST BATON ROUGE
22123	LA, West Carroll	LA-WEST CARROLL
22125	LA, West Feliciana	LA-WEST FELICIANA
22127	LA, Winn	LA-WINN
25000	MA	MA
25001	MA, Barnstable	MA-BARNSTABLE
25003	MA, Berkshire	MA-BERKSHIRE
25005	MA, Bristol	MA-BRISTOL
25007	MA, Dukes	MA-DUKES
25009	MA, Essex	MA-ESSEX
25011	MA, Franklin	MA-FRANKLIN
25013	MA, Hampden	MA-HAMPDEN
25015	MA, Hampshire	MA-HAMPSHIRE
25017	MA, Middlesex	MA-MIDDLESEX
25019	MA, Nantucket	MA-NANTUCKET
25021	MA, Norfolk	MA-NORFOLK
25023	MA, Plymouth	MA-PLYMOUTH
25025	MA, Suffolk	MA-SUFFOLK
25027	MA, Worcester	MA-WORCESTER
24000	MD	MD
24001	MD, Allegany	MD-ALLEGANY
24003	MD, Anne Arundel	MD-ANNE ARUNDEL
24005	MD, Baltimore	MD-BALTIMORE
24510	MD, Baltimore city	MD-BALTIMORE CITY
24009	MD, Calvert	MD-CALVERT
24011	MD, Caroline	MD-CAROLINE
24013	MD, Carroll	MD-CARROLL
24015	MD, Cecil	MD-CECIL
24017	MD, Charles	MD-CHARLES
24019	MD, Dorchester	MD-DORCHESTER
24021	MD, Frederick	MD-FREDERICK
24023	MD, Garrett	MD-GARRETT
24025	MD, Harford	MD-HARFORD
24027	MD, Howard	MD-HOWARD
24029	MD, Kent	MD-KENT
24031	MD, Montgomery	MD-MONTGOMERY
24033	MD, Prince George's	MD-PRINCE GEORGE'S
24035	MD, Queen Anne's	MD-QUEEN ANNE'S
24039	MD, Somerset	MD-SOMERSET
24037	MD, St. Mary's	MD-ST. MARY'S
24041	MD, Talbot	MD-TALBOT
24043	MD, Washington	MD-WASHINGTON
24045	MD, Wicomico	MD-WICOMICO
24047	MD, Worcester	MD-WORCESTER
23000	ME	ME
23001	ME, Androscoggin	ME-ANDROSCOGGIN
23003	ME, Aroostook	ME-AROOSTOOK
23005	ME, Cumberland	ME-CUMBERLAND
23007	ME, Franklin	ME-FRANKLIN
23009	ME, Hancock	ME-HANCOCK
23011	ME, Kennebec	ME-KENNEBEC
23013	ME, Knox	ME-KNOX
23015	ME, Lincoln	ME-LINCOLN
23017	ME, Oxford	ME-OXFORD
23019	ME, Penobscot	ME-PENOBSCOT
23021	ME, Piscataquis	ME-PISCATAQUIS
23023	ME, Sagadahoc	ME-SAGADAHOC
23025	ME, Somerset	ME-SOMERSET
23027	ME, Waldo	ME-WALDO
23029	ME, Washington	ME-WASHINGTON
23031	ME, York	ME-YORK
68000	MH	MH
68007	MH, Ailinginae	MH-AILINGINAE
68010	MH, Ailinglaplap	MH-AILINGLAPLAP
68030	MH, Ailuk	MH-AILUK
68040	MH, Arno	MH-ARNO
68050	MH, Aur	MH-AUR
68060	MH, Bikar	MH-BIKAR
68070	MH, Bikini	MH-BIKINI
68073	MH, Bokak	MH-BOKAK
68080	MH, Ebon	MH-EBON
68090	MH, Enewetak	MH-ENEWETAK
68100	MH, Erikub	MH-ERIKUB
68110	MH, Jabat	MH-JABAT
68120	MH, Jaluit	MH-JALUIT
68130	MH, Jemo	MH-JEMO
68140	MH, Kili	MH-KILI
68150	MH, Kwajalein	MH-KWAJALEIN
68160	MH, Lae	MH-LAE
68170	MH, Lib	MH-LIB
68180	MH, Likiep	MH-LIKIEP
68190	MH, Majuro	MH-MAJURO
68300	MH, Maloelap	MH-MALOELAP
68310	MH, Mejit	MH-MEJIT
68320	MH, Mili	MH-MILI
68330	MH, Namorik	MH-NAMORIK
68340	MH, Namu	MH-NAMU
68350	MH, Rongelap	MH-RONGELAP
68360	MH, Rongrik	MH-RONGRIK
68385	MH, Toke	MH-TOKE
68390	MH, Ujae	MH-UJAE
68400	MH, Ujelang	MH-UJELANG
68410	MH, Utrik	MH-UTRIK
68420	MH, Wotho	MH-WOTHO
68430	MH, Wotle	MH-WOTLE
26000	MI	MI
26001	MI, Alcona	MI-ALCONA
26003	MI, Alger	MI-ALGER
26005	MI, Allegan	MI-ALLEGAN
26007	MI, Alpena	MI-ALPENA
26009	MI, Antrim	MI-ANTRIM
26011	MI, Arenac	MI-ARENAC
26013	MI, Baraga	MI-BARAGA
26015	MI, Barry	MI-BARRY
26017	MI, Bay	MI-BAY
26019	MI, Benzie	MI-BENZIE
26021	MI, Berrien	MI-BERRIEN
26023	MI, Branch	MI-BRANCH
26025	MI, Calhoun	MI-CALHOUN
26027	MI, Cass	MI-CASS
26029	MI, Charlevoix	MI-CHARLEVOIX
26031	MI, Cheboygan	MI-CHEBOYGAN
26033	MI, Chippewa	MI-CHIPPEWA
26035	MI, Clare	MI-CLARE
26037	MI, Clinton	MI-CLINTON
26039	MI, Crawford	MI-CRAWFORD
26041	MI, Delta	MI-DELTA
26043	MI, Dickinson	MI-DICKINSON
26045	MI, Eaton	MI-EATON
26047	MI, Emmet	MI-EMMET
26049	MI, Genesee	MI-GENESEE
26051	MI, Gladwin	MI-GLADWIN
26053	MI, Gogebic	MI-GOGEBIC
26055	MI, Grand Traverse	MI-GRAND TRAVERSE
26057	MI, Gratiot	MI-GRATIOT
26059	MI, Hillsdale	MI-HILLSDALE
26061	MI, Houghton	MI-HOUGHTON
26063	MI, Huron	MI-HURON
26065	MI, Ingham	MI-INGHAM
26067	MI, Ionia	MI-IONIA
26069	MI, Iosco	MI-IOSCO
26071	MI, Iron	MI-IRON
26073	MI, Isabella	MI-ISABELLA
26075	MI, Jackson	MI-JACKSON
26077	MI, Kalamazoo	MI-KALAMAZOO
26079	MI, Kalkaska	MI-KALKASKA
26081	MI, Kent	MI-KENT
26083	MI, Keweenaw	MI-KEWEENAW
26085	MI, Lake	MI-LAKE
26087	MI, Lapeer	MI-LAPEER
26089	MI, Leelanau	MI-LEELANAU
26091	MI, Lenawee	MI-LENAWEE
26093	MI, Livingston	MI-LIVINGSTON
26095	MI, Luce	MI-LUCE
26097	MI, Mackinac	MI-MACKINAC
26099	MI, Macomb	MI-MACOMB
26101	MI, Manistee	MI-MANISTEE
26103	MI, Marquette	MI-MARQUETTE
26105	MI, Mason	MI-MASON
26107	MI, Mecosta	MI-MECOSTA
26109	MI, Menominee	MI-MENOMINEE
26111	MI, Midland	MI-MIDLAND
26113	MI, Missaukee	MI-MISSAUKEE
26115	MI, Monroe	MI-MONROE
26117	MI, Montcalm	MI-MONTCALM
26119	MI, Montmorency	MI-MONTMORENCY
26121	MI, Muskegon	MI-MUSKEGON
26123	MI, Newaygo	MI-NEWAYGO
26125	MI, Oakland	MI-OAKLAND
26127	MI, Oceana	MI-OCEANA
26129	MI, Ogemaw	MI-OGEMAW
26131	MI, Ontonagon	MI-ONTONAGON
26133	MI, Osceola	MI-OSCEOLA
26135	MI, Oscoda	MI-OSCODA
26137	MI, Otsego	MI-OTSEGO
26139	MI, Ottawa	MI-OTTAWA
26141	MI, Presque Isle	MI-PRESQUE ISLE
26143	MI, Roscommon	MI-ROSCOMMON
26145	MI, Saginaw	MI-SAGINAW
26151	MI, Sanilac	MI-SANILAC
26153	MI, Schoolcraft	MI-SCHOOLCRAFT
26155	MI, Shiawassee	MI-SHIAWASSEE
26147	MI, St. Clair	MI-ST. CLAIR
26149	MI, St. Joseph	MI-ST. JOSEPH
26157	MI, Tuscola	MI-TUSCOLA
26159	MI, Van Buren	MI-VAN BUREN
26161	MI, Washtenaw	MI-WASHTENAW
26163	MI, Wayne	MI-WAYNE
26165	MI, Wexford	MI-WEXFORD
27000	MN	MN
27001	MN, Aitkin	MN-AITKIN
27003	MN, Anoka	MN-ANOKA
27005	MN, Becker	MN-BECKER
27007	MN, Beltrami	MN-BELTRAMI
27009	MN, Benton	MN-BENTON
27011	MN, Big Stone	MN-BIG STONE
27013	MN, Blue Earth	MN-BLUE EARTH
27015	MN, Brown	MN-BROWN
27017	MN, Carlton	MN-CARLTON
27019	MN, Carver	MN-CARVER
27021	MN, Cass	MN-CASS
27023	MN, Chippewa	MN-CHIPPEWA
27025	MN, Chisago	MN-CHISAGO
27027	MN, Clay	MN-CLAY
27029	MN, Clearwater	MN-CLEARWATER
27031	MN, Cook	MN-COOK
27033	MN, Cottonwood	MN-COTTONWOOD
27035	MN, Crow Wing	MN-CROW WING
27037	MN, Dakota	MN-DAKOTA
27039	MN, Dodge	MN-DODGE
27041	MN, Douglas	MN-DOUGLAS
27043	MN, Faribault	MN-FARIBAULT
27045	MN, Fillmore	MN-FILLMORE
27047	MN, Freeborn	MN-FREEBORN
27049	MN, Goodhue	MN-GOODHUE
27051	MN, Grant	MN-GRANT
27053	MN, Hennepin	MN-HENNEPIN
27055	MN, Houston	MN-HOUSTON
27057	MN, Hubbard	MN-HUBBARD
27059	MN, Isanti	MN-ISANTI
27061	MN, Itasca	MN-ITASCA
27063	MN, Jackson	MN-JACKSON
27065	MN, Kanabec	MN-KANABEC
27067	MN, Kandiyohi	MN-KANDIYOHI
27069	MN, Kittson	MN-KITTSON
27071	MN, Koochiching	MN-KOOCHICHING
27073	MN, Lac qui Parle	MN-LAC QUI PARLE
27075	MN, Lake	MN-LAKE
27077	MN, Lake of the Woods	MN-LAKE OF THE WOODS
27079	MN, Le Sueur	MN-LE SUEUR
27081	MN, Lincoln	MN-LINCOLN
27083	MN, Lyon	MN-LYON
27087	MN, Mahnomen	MN-MAHNOMEN
27089	MN, Marshall	MN-MARSHALL
27091	MN, Martin	MN-MARTIN
27085	MN, McLeod	MN-MCLEOD
27093	MN, Meeker	MN-MEEKER
27095	MN, Mille Lacs	MN-MILLE LACS
27097	MN, Morrison	MN-MORRISON
27099	MN, Mower	MN-MOWER
27101	MN, Murray	MN-MURRAY
27103	MN, Nicollet	MN-NICOLLET
27105	MN, Nobles	MN-NOBLES
27107	MN, Norman	MN-NORMAN
27109	MN, Olmsted	MN-OLMSTED
27111	MN, Otter Tail	MN-OTTER TAIL
27113	MN, Pennington	MN-PENNINGTON
27115	MN, Pine	MN-PINE
27117	MN, Pipestone	MN-PIPESTONE
27119	MN, Polk	MN-POLK
27121	MN, Pope	MN-POPE
27123	MN, Ramsey	MN-RAMSEY
27125	MN, Red Lake	MN-RED LAKE
27127	MN, Redwood	MN-REDWOOD
27129	MN, Renville	MN-RENVILLE
27131	MN, Rice	MN-RICE
27133	MN, Rock	MN-ROCK
27135	MN, Roseau	MN-ROSEAU
27139	MN, Scott	MN-SCOTT
27141	MN, Sherburne	MN-SHERBURNE
27143	MN, Sibley	MN-SIBLEY
27137	MN, St. Louis	MN-ST. LOUIS
27145	MN, Stearns	MN-STEARNS
27147	MN, Steele	MN-STEELE
27149	MN, Stevens	MN-STEVENS
27151	MN, Swift	MN-SWIFT
27153	MN, Todd	MN-TODD
27155	MN, Traverse	MN-TRAVERSE
27157	MN, Wabasha	MN-WABASHA
27159	MN, Wadena	MN-WADENA
27161	MN, Waseca	MN-WASECA
27163	MN, Washington	MN-WASHINGTON
27165	MN, Watonwan	MN-WATONWAN
27167	MN, Wilkin	MN-WILKIN
27169	MN, Winona	MN-WINONA
27171	MN, Wright	MN-WRIGHT
27173	MN, Yellow Medicine	MN-YELLOW MEDICINE
29000	MO	MO
29001	MO, Adair	MO-ADAIR
29003	MO, Andrew	MO-ANDREW
29005	MO, Atchison	MO-ATCHISON
29007	MO, Audrain	MO-AUDRAIN
29009	MO, Barry	MO-BARRY
29011	MO, Barton	MO-BARTON
29013	MO, Bates	MO-BATES
29015	MO, Benton	MO-BENTON
29017	MO, Bollinger	MO-BOLLINGER
29019	MO, Boone	MO-BOONE
29021	MO, Buchanan	MO-BUCHANAN
29023	MO, Butler	MO-BUTLER
29025	MO, Caldwell	MO-CALDWELL
29027	MO, Callaway	MO-CALLAWAY
29029	MO, Camden	MO-CAMDEN
29031	MO, Cape Girardeau	MO-CAPE GIRARDEAU
29033	MO, Carroll	MO-CARROLL
29035	MO, Carter	MO-CARTER
29037	MO, Cass	MO-CASS
29039	MO, Cedar	MO-CEDAR
29041	MO, Chariton	MO-CHARITON
29043	MO, Christian	MO-CHRISTIAN
29045	MO, Clark	MO-CLARK
29047	MO, Clay	MO-CLAY
29049	MO, Clinton	MO-CLINTON
29051	MO, Cole	MO-COLE
29053	MO, Cooper	MO-COOPER
29055	MO, Crawford	MO-CRAWFORD
29057	MO, Dade	MO-DADE
29059	MO, Dallas	MO-DALLAS
29061	MO, Daviess	MO-DAVIESS
29063	MO, De Kalb	MO-DE KALB
29065	MO, Dent	MO-DENT
29067	MO, Douglas	MO-DOUGLAS
29069	MO, Dunklin	MO-DUNKLIN
29071	MO, Franklin	MO-FRANKLIN
29073	MO, Gasconade	MO-GASCONADE
29075	MO, Gentry	MO-GENTRY
29077	MO, Greene	MO-GREENE
29079	MO, Grundy	MO-GRUNDY
29081	MO, Harrison	MO-HARRISON
29083	MO, Henry	MO-HENRY
29085	MO, Hickory	MO-HICKORY
29087	MO, Holt	MO-HOLT
29089	MO, Howard	MO-HOWARD
29091	MO, Howell	MO-HOWELL
29093	MO, Iron	MO-IRON
29095	MO, Jackson	MO-JACKSON
29097	MO, Jasper	MO-JASPER
29099	MO, Jefferson	MO-JEFFERSON
29101	MO, Johnson	MO-JOHNSON
29103	MO, Knox	MO-KNOX
29105	MO, Laclede	MO-LACLEDE
29107	MO, Lafayette	MO-LAFAYETTE
29109	MO, Lawrence	MO-LAWRENCE
29111	MO, Lewis	MO-LEWIS
29113	MO, Lincoln	MO-LINCOLN
29115	MO, Linn	MO-LINN
29117	MO, Livingston	MO-LIVINGSTON
29121	MO, Macon	MO-MACON
29123	MO, Madison	MO-MADISON
29125	MO, Maries	MO-MARIES
29127	MO, Marion	MO-MARION
29119	MO, McDonald	MO-MCDONALD
29129	MO, Mercer	MO-MERCER
29131	MO, Miller	MO-MILLER
29133	MO, Mississippi	MO-MISSISSIPPI
29135	MO, Moniteau	MO-MONITEAU
29137	MO, Monroe	MO-MONROE
29139	MO, Montgomery	MO-MONTGOMERY
29141	MO, Morgan	MO-MORGAN
29143	MO, New Madrid	MO-NEW MADRID
29145	MO, Newton	MO-NEWTON
29147	MO, Nodaway	MO-NODAWAY
29149	MO, Oregon	MO-OREGON
29151	MO, Osage	MO-OSAGE
29153	MO, Ozark	MO-OZARK
29155	MO, Pemiscot	MO-PEMISCOT
29157	MO, Perry	MO-PERRY
29159	MO, Pettis	MO-PETTIS
29161	MO, Phelps	MO-PHELPS
29163	MO, Pike	MO-PIKE
29165	MO, Platte	MO-PLATTE
29167	MO, Polk	MO-POLK
29169	MO, Pulaski	MO-PULASKI
29171	MO, Putnam	MO-PUTNAM
29173	MO, Ralls	MO-RALLS
29175	MO, Randolph	MO-RANDOLPH
29177	MO, Ray	MO-RAY
29179	MO, Reynolds	MO-REYNOLDS
29181	MO, Ripley	MO-RIPLEY
29195	MO, Saline	MO-SALINE
29197	MO, Schuyler	MO-SCHUYLER
29199	MO, Scotland	MO-SCOTLAND
29201	MO, Scott	MO-SCOTT
29203	MO, Shannon	MO-SHANNON
29205	MO, Shelby	MO-SHELBY
29183	MO, St. Charles	MO-ST. CHARLES
29185	MO, St. Clair	MO-ST. CLAIR
29187	MO, St. Francois	MO-ST. FRANCOIS
29189	MO, St. Louis	MO-ST. LOUIS
29510	MO, St. Louis city	MO-ST. LOUIS CITY
29186	MO, Ste. Genevieve	MO-STE. GENEVIEVE
29207	MO, Stoddard	MO-STODDARD
29209	MO, Stone	MO-STONE
29211	MO, Sullivan	MO-SULLIVAN
29213	MO, Taney	MO-TANEY
29215	MO, Texas	MO-TEXAS
29217	MO, Vernon	MO-VERNON
29219	MO, Warren	MO-WARREN
29221	MO, Washington	MO-WASHINGTON
29223	MO, Wayne	MO-WAYNE
29225	MO, Webster	MO-WEBSTER
29227	MO, Worth	MO-WORTH
29229	MO, Wright	MO-WRIGHT
69000	MP	MP
69085	MP, Northern Islands	MP-NORTHERN ISLANDS
69100	MP, Rota	MP-ROTA
69110	MP, Saipan	MP-SAIPAN
69120	MP, Tinian	MP-TINIAN
28000	MS	MS
28001	MS, Adams	MS-ADAMS
28003	MS, Alcorn	MS-ALCORN
28005	MS, Amite	MS-AMITE
28007	MS, Attala	MS-ATTALA
28009	MS, Benton	MS-BENTON
28011	MS, Bolivar	MS-BOLIVAR
28013	MS, Calhoun	MS-CALHOUN
28015	MS, Carroll	MS-CARROLL
28017	MS, Chickasaw	MS-CHICKASAW
28019	MS, Choctaw	MS-CHOCTAW
28021	MS, Claiborne	MS-CLAIBORNE
28023	MS, Clarke	MS-CLARKE
28025	MS, Clay	MS-CLAY
28027	MS, Coahoma	MS-COAHOMA
28029	MS, Copiah	MS-COPIAH
28031	MS, Covington	MS-COVINGTON
28033	MS, DeSoto	MS-DESOTO
28035	MS, Forrest	MS-FORREST
28037	MS, Franklin	MS-FRANKLIN
28039	MS, George	MS-GEORGE
28041	MS, Greene	MS-GREENE
28043	MS, Grenada	MS-GRENADA
28045	MS, Hancock	MS-HANCOCK
28047	MS, Harrison	MS-HARRISON
28049	MS, Hinds	MS-HINDS
28051	MS, Holmes	MS-HOLMES
28053	MS, Humphreys	MS-HUMPHREYS
28055	MS, Issaquena	MS-ISSAQUENA
28057	MS, Itawamba	MS-ITAWAMBA
28059	MS, Jackson	MS-JACKSON
28061	MS, Jasper	MS-JASPER
28063	MS, Jefferson	MS-JEFFERSON
28065	MS, Jefferson Davis	MS-JEFFERSON DAVIS
28067	MS, Jones	MS-JONES
28069	MS, Kemper	MS-KEMPER
28071	MS, Lafayette	MS-LAFAYETTE
28073	MS, Lamar	MS-LAMAR
28075	MS, Lauderdale	MS-LAUDERDALE
28077	MS, Lawrence	MS-LAWRENCE
28079	MS, Leake	MS-LEAKE
28081	MS, Lee	MS-LEE
28083	MS, Leflore	MS-LEFLORE
28085	MS, Lincoln	MS-LINCOLN
28087	MS, Lowndes	MS-LOWNDES
28089	MS, Madison	MS-MADISON
28091	MS, Marion	MS-MARION
28093	MS, Marshall	MS-MARSHALL
28095	MS, Monroe	MS-MONROE
28097	MS, Montgomery	MS-MONTGOMERY
28099	MS, Neshoba	MS-NESHOBA
28101	MS, Newton	MS-NEWTON
28103	MS, Noxubee	MS-NOXUBEE
28105	MS, Oktibbeha	MS-OKTIBBEHA
28107	MS, Panola	MS-PANOLA
28109	MS, Pearl River	MS-PEARL RIVER
28111	MS, Perry	MS-PERRY
28113	MS, Pike	MS-PIKE
28115	MS, Pontotoc	MS-PONTOTOC
28117	MS, Prentiss	MS-PRENTISS
28119	MS, Quitman	MS-QUITMAN
28121	MS, Rankin	MS-RANKIN
28123	MS, Scott	MS-SCOTT
28125	MS, Sharkey	MS-SHARKEY
28127	MS, Simpson	MS-SIMPSON
28129	MS, Smith	MS-SMITH
28131	MS, Stone	MS-STONE
28133	MS, Sunflower	MS-SUNFLOWER
28135	MS, Tallahatchie	MS-TALLAHATCHIE
28137	MS, Tate	MS-TATE
28139	MS, Tippah	MS-TIPPAH
28141	MS, Tishomingo	MS-TISHOMINGO
28143	MS, Tunica	MS-TUNICA
28145	MS, Union	MS-UNION
28147	MS, Walthall	MS-WALTHALL
28149	MS, Warren	MS-WARREN
28151	MS, Washington	MS-WASHINGTON
28153	MS, Wayne	MS-WAYNE
28155	MS, Webster	MS-WEBSTER
28157	MS, Wilkinson	MS-WILKINSON
28159	MS, Winston	MS-WINSTON
28161	MS, Yalobusha	MS-YALOBUSHA
28163	MS, Yazoo	MS-YAZOO
30000	MT	MT
30001	MT, Beaverhead	MT-BEAVERHEAD
30003	MT, Big Horn	MT-BIG HORN
30005	MT, Blaine	MT-BLAINE
30007	MT, Broadwater	MT-BROADWATER
30009	MT, Carbon	MT-CARBON
30011	MT, Carter	MT-CARTER
30013	MT, Cascade	MT-CASCADE
30015	MT, Chouteau	MT-CHOUTEAU
30017	MT, Custer	MT-CUSTER
30019	MT, Daniels	MT-DANIELS
30021	MT, Dawson	MT-DAWSON
30023	MT, Deer Lodge	MT-DEER LODGE
30025	MT, Fallon	MT-FALLON
30027	MT, Fergus	MT-FERGUS
30029	MT, Flathead	MT-FLATHEAD
30031	MT, Gallatin	MT-GALLATIN
30033	MT, Garfield	MT-GARFIELD
30035	MT, Glacier	MT-GLACIER
30037	MT, Golden Valley	MT-GOLDEN VALLEY
30039	MT, Granite	MT-GRANITE
30041	MT, Hill	MT-HILL
30043	MT, Jefferson	MT-JEFFERSON
30045	MT, Judith Basin	MT-JUDITH BASIN
30047	MT, Lake	MT-LAKE
30049	MT, Lewis and Clark	MT-LEWIS AND CLARK
30051	MT, Liberty	MT-LIBERTY
30053	MT, Lincoln	MT-LINCOLN
30057	MT, Madison	MT-MADISON
30055	MT, McCone	MT-MCCONE
30059	MT, Meagher	MT-MEAGHER
30061	MT, Mineral	MT-MINERAL
30063	MT, Missoula	MT-MISSOULA
30065	MT, Musselshell	MT-MUSSELSHELL
30067	MT, Park	MT-PARK
30069	MT, Petroleum	MT-PETROLEUM
30071	MT, Phillips	MT-PHILLIPS
30073	MT, Pondera	MT-PONDERA
30075	MT, Powder River	MT-POWDER RIVER
30077	MT, Powell	MT-POWELL
30079	MT, Prairie	MT-PRAIRIE
30081	MT, Ravalli	MT-RAVALLI
30083	MT, Richland	MT-RICHLAND
30085	MT, Roosevelt	MT-ROOSEVELT
30087	MT, Rosebud	MT-ROSEBUD
30089	MT, Sanders	MT-SANDERS
30091	MT, Sheridan	MT-SHERIDAN
30093	MT, Silver Bow	MT-SILVER BOW
30095	MT, Stillwater	MT-STILLWATER
30097	MT, Sweet Grass	MT-SWEET GRASS
30099	MT, Teton	MT-TETON
30101	MT, Toole	MT-TOOLE
30103	MT, Treasure	MT-TREASURE
30105	MT, Valley	MT-VALLEY
30107	MT, Wheatland	MT-WHEATLAND
30109	MT, Wibaux	MT-WIBAUX
30111	MT, Yellowstone	MT-YELLOWSTONE
30113	MT, Yellowstone National Park	MT-YELLOWSTONE NATIONAL PARK
37000	NC	NC
37001	NC, Alamance	NC-ALAMANCE
37003	NC, Alexander	NC-ALEXANDER
37005	NC, Alleghany	NC-ALLEGHANY
37007	NC, Anson	NC-ANSON
37009	NC, Ashe	NC-ASHE
37011	NC, Avery	NC-AVERY
37013	NC, Beaufort	NC-BEAUFORT
37015	NC, Bertie	NC-BERTIE
37017	NC, Bladen	NC-BLADEN
37019	NC, Brunswick	NC-BRUNSWICK
37021	NC, Buncombe	NC-BUNCOMBE
37023	NC, Burke	NC-BURKE
37025	NC, Cabarrus	NC-CABARRUS
37027	NC, Caldwell	NC-CALDWELL
37029	NC, Camden	NC-CAMDEN
37031	NC, Carteret	NC-CARTERET
37033	NC, Caswell	NC-CASWELL
37035	NC, Catawba	NC-CATAWBA
37037	NC, Chatham	NC-CHATHAM
37039	NC, Cherokee	NC-CHEROKEE
37041	NC, Chowan	NC-CHOWAN
37043	NC, Clay	NC-CLAY
37045	NC, Cleveland	NC-CLEVELAND
37047	NC, Columbus	NC-COLUMBUS
37049	NC, Craven	NC-CRAVEN
37051	NC, Cumberland	NC-CUMBERLAND
37053	NC, Currituck	NC-CURRITUCK
37055	NC, Dare	NC-DARE
37057	NC, Davidson	NC-DAVIDSON
37059	NC, Davie	NC-DAVIE
37061	NC, Duplin	NC-DUPLIN
37063	NC, Durham	NC-DURHAM
37065	NC, Edgecombe	NC-EDGECOMBE
37067	NC, Forsyth	NC-FORSYTH
37069	NC, Franklin	NC-FRANKLIN
37071	NC, Gaston	NC-GASTON
37073	NC, Gates	NC-GATES
37075	NC, Graham	NC-GRAHAM
37077	NC, Granville	NC-GRANVILLE
37079	NC, Greene	NC-GREENE
37081	NC, Guilford	NC-GUILFORD
37083	NC, Halifax	NC-HALIFAX
37085	NC, Harnett	NC-HARNETT
37087	NC, Haywood	NC-HAYWOOD
37089	NC, Henderson	NC-HENDERSON
37091	NC, Hertford	NC-HERTFORD
37093	NC, Hoke	NC-HOKE
37095	NC, Hyde	NC-HYDE
37097	NC, Iredell	NC-IREDELL
37099	NC, Jackson	NC-JACKSON
37101	NC, Johnston	NC-JOHNSTON
37103	NC, Jones	NC-JONES
37105	NC, Lee	NC-LEE
37107	NC, Lenoir	NC-LENOIR
37109	NC, Lincoln	NC-LINCOLN
37113	NC, Macon	NC-MACON
37115	NC, Madison	NC-MADISON
37117	NC, Martin	NC-MARTIN
37111	NC, McDowell	NC-MCDOWELL
37119	NC, Mecklenburg	NC-MECKLENBURG
37121	NC, Mitchell	NC-MITCHELL
37123	NC, Montgomery	NC-MONTGOMERY
37125	NC, Moore	NC-MOORE
37127	NC, Nash	NC-NASH
37129	NC, New Hanover	NC-NEW HANOVER
37131	NC, Northampton	NC-NORTHAMPTON
37133	NC, Onslow	NC-ONSLOW
37135	NC, Orange	NC-ORANGE
37137	NC, Pamlico	NC-PAMLICO
37139	NC, Pasquotank	NC-PASQUOTANK
37141	NC, Pender	NC-PENDER
37143	NC, Perquimans	NC-PERQUIMANS
37145	NC, Person	NC-PERSON
37147	NC, Pitt	NC-PITT
37149	NC, Polk	NC-POLK
37151	NC, Randolph	NC-RANDOLPH
37153	NC, Richmond	NC-RICHMOND
37155	NC, Robeson	NC-ROBESON
37157	NC, Rockingham	NC-ROCKINGHAM
37159	NC, Rowan	NC-ROWAN
37161	NC, Rutherford	NC-RUTHERFORD
37163	NC, Sampson	NC-SAMPSON
37165	NC, Scotland	NC-SCOTLAND
37167	NC, Stanly	NC-STANLY
37169	NC, Stokes	NC-STOKES
37171	NC, Surry	NC-SURRY
37173	NC, Swain	NC-SWAIN
37175	NC, Transylvania	NC-TRANSYLVANIA
37177	NC, Tyrrell	NC-TYRRELL
37179	NC, Union	NC-UNION
37181	NC, Vance	NC-VANCE
37183	NC, Wake	NC-WAKE
37185	NC, Warren	NC-WARREN
37187	NC, Washington	NC-WASHINGTON
37189	NC, Watauga	NC-WATAUGA
37191	NC, Wayne	NC-WAYNE
37193	NC, Wilkes	NC-WILKES
37195	NC, Wilson	NC-WILSON
37197	NC, Yadkin	NC-YADKIN
37199	NC, Yancey	NC-YANCEY
38000	ND	ND
38001	ND, Adams	ND-ADAMS
38003	ND, Barnes	ND-BARNES
38005	ND, Benson	ND-BENSON
38007	ND, Billings	ND-BILLINGS
38009	ND, Bottineau	ND-BOTTINEAU
38011	ND, Bowman	ND-BOWMAN
38013	ND, Burke	ND-BURKE
38015	ND, Burleigh	ND-BURLEIGH
38017	ND, Cass	ND-CASS
38019	ND, Cavalier	ND-CAVALIER
38021	ND, Dickey	ND-DICKEY
38023	ND, Divide	ND-DIVIDE
38025	ND, Dunn	ND-DUNN
38027	ND, Eddy	ND-EDDY
38029	ND, Emmons	ND-EMMONS
38031	ND, Foster	ND-FOSTER
38033	ND, Golden Valley	ND-GOLDEN VALLEY
38035	ND, Grand Forks	ND-GRAND FORKS
38037	ND, Grant	ND-GRANT
38039	ND, Griggs	ND-GRIGGS
38041	ND, Hettinger	ND-HETTINGER
38043	ND, Kidder	ND-KIDDER
38045	ND, La Moure	ND-LA MOURE
38047	ND, Logan	ND-LOGAN
38049	ND, McHenry	ND-MCHENRY
38051	ND, McIntosh	ND-MCINTOSH
38053	ND, McKenzie	ND-MCKENZIE
38055	ND, McLean	ND-MCLEAN
38057	ND, Mercer	ND-MERCER
38059	ND, Morton	ND-MORTON
38061	ND, Mountrail	ND-MOUNTRAIL
38063	ND, Nelson	ND-NELSON
38065	ND, Oliver	ND-OLIVER
38067	ND, Pembina	ND-PEMBINA
38069	ND, Pierce	ND-PIERCE
38071	ND, Ramsey	ND-RAMSEY
38073	ND, Ransom	ND-RANSOM
38075	ND, Renville	ND-RENVILLE
38077	ND, Richland	ND-RICHLAND
38079	ND, Rolette	ND-ROLETTE
38081	ND, Sargent	ND-SARGENT
38083	ND, Sheridan	ND-SHERIDAN
38085	ND, Sioux	ND-SIOUX
38087	ND, Slope	ND-SLOPE
38089	ND, Stark	ND-STARK
38091	ND, Steele	ND-STEELE
38093	ND, Stutsman	ND-STUTSMAN
38095	ND, Towner	ND-TOWNER
38097	ND, Traill	ND-TRAILL
38099	ND, Walsh	ND-WALSH
38101	ND, Ward	ND-WARD
38103	ND, Wells	ND-WELLS
38105	ND, Williams	ND-WILLIAMS
31000	NE	NE
31001	NE, Adams	NE-ADAMS
31003	NE, Antelope	NE-ANTELOPE
31005	NE, Arthur	NE-ARTHUR
31007	NE, Banner	NE-BANNER
31009	NE, Blaine	NE-BLAINE
31011	NE, Boone	NE-BOONE
31013	NE, Box Butte	NE-BOX BUTTE
31015	NE, Boyd	NE-BOYD
31017	NE, Brown	NE-BROWN
31019	NE, Buffalo	NE-BUFFALO
31021	NE, Burt	NE-BURT
31023	NE, Butler	NE-BUTLER
31025	NE, Cass	NE-CASS
31027	NE, Cedar	NE-CEDAR
31029	NE, Chase	NE-CHASE
31031	NE, Cherry	NE-CHERRY
31033	NE, Cheyenne	NE-CHEYENNE
31035	NE, Clay	NE-CLAY
31037	NE, Colfax	NE-COLFAX
31039	NE, Cuming	NE-CUMING
31041	NE, Custer	NE-CUSTER
31043	NE, Dakota	NE-DAKOTA
31045	NE, Dawes	NE-DAWES
31047	NE, Dawson	NE-DAWSON
31049	NE, Deuel	NE-DEUEL
31051	NE, Dixon	NE-DIXON
31053	NE, Dodge	NE-DODGE
31055	NE, Douglas	NE-DOUGLAS
31057	NE, Dundy	NE-DUNDY
31059	NE, Fillmore	NE-FILLMORE
31061	NE, Franklin	NE-FRANKLIN
31063	NE, Frontier	NE-FRONTIER
31065	NE, Furnas	NE-FURNAS
31067	NE, Gage	NE-GAGE
31069	NE, Garden	NE-GARDEN
31071	NE, Garfield	NE-GARFIELD
31073	NE, Gosper	NE-GOSPER
31075	NE, Grant	NE-GRANT
31077	NE, Greeley	NE-GREELEY
31079	NE, Hall	NE-HALL
31081	NE, Hamilton	NE-HAMILTON
31083	NE, Harlan	NE-HARLAN
31085	NE, Hayes	NE-HAYES
31087	NE, Hitchcock	NE-HITCHCOCK
31089	NE, Holt	NE-HOLT
31091	NE, Hooker	NE-HOOKER
31093	NE, Howard	NE-HOWARD
31095	NE, Jefferson	NE-JEFFERSON
31097	NE, Johnson	NE-JOHNSON
31099	NE, Kearney	NE-KEARNEY
31101	NE, Keith	NE-KEITH
31103	NE, Keya Paha	NE-KEYA PAHA
31105	NE, Kimball	NE-KIMBALL
31107	NE, Knox	NE-KNOX
31109	NE, Lancaster	NE-LANCASTER
31111	NE, Lincoln	NE-LINCOLN
31113	NE, Logan	NE-LOGAN
31115	NE, Loup	NE-LOUP
31119	NE, Madison	NE-MADISON
31117	NE, McPherson	NE-MCPHERSON
31121	NE, Merrick	NE-MERRICK
31123	NE, Morrill	NE-MORRILL
31125	NE, Nance	NE-NANCE
31127	NE, Nemaha	NE-NEMAHA
31129	NE, Nuckolls	NE-NUCKOLLS
31131	NE, Otoe	NE-OTOE
31133	NE, Pawnee	NE-PAWNEE
31135	NE, Perkins	NE-PERKINS
31137	NE, Phelps	NE-PHELPS
31139	NE, Pierce	NE-PIERCE
31141	NE, Platte	NE-PLATTE
31143	NE, Polk	NE-POLK
31145	NE, Red Willow	NE-RED WILLOW
31147	NE, Richardson	NE-RICHARDSON
31149	NE, Rock	NE-ROCK
31151	NE, Saline	NE-SALINE
31153	NE, Sarpy	NE-SARPY
31155	NE, Saunders	NE-SAUNDERS
31157	NE, Scotts Bluff	NE-SCOTTS BLUFF
31159	NE, Seward	NE-SEWARD
31161	NE, Sheridan	NE-SHERIDAN
31163	NE, Sherman	NE-SHERMAN
31165	NE, Sioux	NE-SIOUX
31167	NE, Stanton	NE-STANTON
31169	NE, Thayer	NE-THAYER
31171	NE, Thomas	NE-THOMAS
31173	NE, Thurston	NE-THURSTON
31175	NE, Valley	NE-VALLEY
31177	NE, Washington	NE-WASHINGTON
31179	NE, Wayne	NE-WAYNE
31181	NE, Webster	NE-WEBSTER
31183	NE, Wheeler	NE-WHEELER
31185	NE, York	NE-YORK
33000	NH	NH
33001	NH, Belknap	NH-BELKNAP
33003	NH, Carroll	NH-CARROLL
33005	NH, Cheshire	NH-CHESHIRE
33007	NH, Coos	NH-COOS
33009	NH, Grafton	NH-GRAFTON
33011	NH, Hillsborough	NH-HILLSBOROUGH
33013	NH, Merrimack	NH-MERRIMACK
33015	NH, Rockingham	NH-ROCKINGHAM
33017	NH, Strafford	NH-STRAFFORD
33019	NH, Sullivan	NH-SULLIVAN
34000	NJ	NJ
34001	NJ, Atlantic	NJ-ATLANTIC
34003	NJ, Bergen	NJ-BERGEN
34005	NJ, Burlington	NJ-BURLINGTON
34007	NJ, Camden	NJ-CAMDEN
34009	NJ, Cape May	NJ-CAPE MAY
34011	NJ, Cumberland	NJ-CUMBERLAND
34013	NJ, Essex	NJ-ESSEX
34015	NJ, Gloucester	NJ-GLOUCESTER
34017	NJ, Hudson	NJ-HUDSON
34019	NJ, Hunterdon	NJ-HUNTERDON
34021	NJ, Mercer	NJ-MERCER
34023	NJ, Middlesex	NJ-MIDDLESEX
34025	NJ, Monmouth	NJ-MONMOUTH
34027	NJ, Morris	NJ-MORRIS
34029	NJ, Ocean	NJ-OCEAN
34031	NJ, Passaic	NJ-PASSAIC
34033	NJ, Salem	NJ-SALEM
34035	NJ, Somerset	NJ-SOMERSET
34037	NJ, Sussex	NJ-SUSSEX
34039	NJ, Union	NJ-UNION
34041	NJ, Warren	NJ-WARREN
35000	NM	NM
35001	NM, Bernalillo	NM-BERNALILLO
35003	NM, Catron	NM-CATRON
35005	NM, Chaves	NM-CHAVES
35006	NM, Cibola	NM-CIBOLA
35007	NM, Colfax	NM-COLFAX
35009	NM, Curry	NM-CURRY
35011	NM, De Baca	NM-DE BACA
35013	NM, Dona Ana	NM-DONA ANA
35015	NM, Eddy	NM-EDDY
35017	NM, Grant	NM-GRANT
35019	NM, Guadalupe	NM-GUADALUPE
35021	NM, Harding	NM-HARDING
35023	NM, Hidalgo	NM-HIDALGO
35025	NM, Lea	NM-LEA
35027	NM, Lincoln	NM-LINCOLN
35028	NM, Los Alamos	NM-LOS ALAMOS
35029	NM, Luna	NM-LUNA
35031	NM, McKinley	NM-MCKINLEY
35033	NM, Mora	NM-MORA
35035	NM, Otero	NM-OTERO
35037	NM, Quay	NM-QUAY
35039	NM, Rio Arriba	NM-RIO ARRIBA
35041	NM, Roosevelt	NM-ROOSEVELT
35045	NM, San Juan	NM-SAN JUAN
35047	NM, San Miguel	NM-SAN MIGUEL
35043	NM, Sandoval	NM-SANDOVAL
35049	NM, Santa Fe	NM-SANTA FE
35051	NM, Sierra	NM-SIERRA
35053	NM, Socorro	NM-SOCORRO
35055	NM, Taos	NM-TAOS
35057	NM, Torrance	NM-TORRANCE
35059	NM, Union	NM-UNION
35061	NM, Valencia	NM-VALENCIA
32000	NV	NV
32510	NV, Carson City	NV-CARSON CITY
32001	NV, Churchill	NV-CHURCHILL
32003	NV, Clark	NV-CLARK
32005	NV, Douglas	NV-DOUGLAS
32007	NV, Elko	NV-ELKO
32009	NV, Esmeralda	NV-ESMERALDA
32011	NV, Eureka	NV-EUREKA
32013	NV, Humboldt	NV-HUMBOLDT
32015	NV, Lander	NV-LANDER
32017	NV, Lincoln	NV-LINCOLN
32019	NV, Lyon	NV-LYON
32021	NV, Mineral	NV-MINERAL
32023	NV, Nye	NV-NYE
32027	NV, Pershing	NV-PERSHING
32029	NV, Storey	NV-STOREY
32031	NV, Washoe	NV-WASHOE
32033	NV, White Pine	NV-WHITE PINE
36000	NY	NY
36001	NY, Albany	NY-ALBANY
36003	NY, Allegany	NY-ALLEGANY
36005	NY, Bronx	NY-BRONX
36007	NY, Broome	NY-BROOME
36009	NY, Cattaraugus	NY-CATTARAUGUS
36011	NY, Cayuga	NY-CAYUGA
36013	NY, Chautauqua	NY-CHAUTAUQUA
36015	NY, Chemung	NY-CHEMUNG
36017	NY, Chenango	NY-CHENANGO
36019	NY, Clinton	NY-CLINTON
36021	NY, Columbia	NY-COLUMBIA
36023	NY, Cortland	NY-CORTLAND
36025	NY, Delaware	NY-DELAWARE
36027	NY, Dutchess	NY-DUTCHESS
36029	NY, Erie	NY-ERIE
36031	NY, Essex	NY-ESSEX
36033	NY, Franklin	NY-FRANKLIN
36035	NY, Fulton	NY-FULTON
36037	NY, Genesee	NY-GENESEE
36039	NY, Greene	NY-GREENE
36041	NY, Hamilton	NY-HAMILTON
36043	NY, Herkimer	NY-HERKIMER
36045	NY, Jefferson	NY-JEFFERSON
36047	NY, Kings	NY-KINGS
36049	NY, Lewis	NY-LEWIS
36051	NY, Livingston	NY-LIVINGSTON
36053	NY, Madison	NY-MADISON
36055	NY, Monroe	NY-MONROE
36057	NY, Montgomery	NY-MONTGOMERY
36059	NY, Nassau	NY-NASSAU
36061	NY, New York	NY-NEW YORK
36063	NY, Niagara	NY-NIAGARA
36065	NY, Oneida	NY-ONEIDA
36067	NY, Onondaga	NY-ONONDAGA
36069	NY, Ontario	NY-ONTARIO
36071	NY, Orange	NY-ORANGE
36073	NY, Orleans	NY-ORLEANS
36075	NY, Oswego	NY-OSWEGO
36077	NY, Otsego	NY-OTSEGO
36079	NY, Putnam	NY-PUTNAM
36081	NY, Queens	NY-QUEENS
36083	NY, Rensselaer	NY-RENSSELAER
36085	NY, Richmond	NY-RICHMOND
36087	NY, Rockland	NY-ROCKLAND
36091	NY, Saratoga	NY-SARATOGA
36093	NY, Schenectady	NY-SCHENECTADY
36095	NY, Schoharie	NY-SCHOHARIE
36097	NY, Schuyler	NY-SCHUYLER
36099	NY, Seneca	NY-SENECA
36089	NY, St. Lawrence	NY-ST. LAWRENCE
36101	NY, Steuben	NY-STEUBEN
36103	NY, Suffolk	NY-SUFFOLK
36105	NY, Sullivan	NY-SULLIVAN
36107	NY, Tioga	NY-TIOGA
36109	NY, Tompkins	NY-TOMPKINS
36111	NY, Ulster	NY-ULSTER
36113	NY, Warren	NY-WARREN
36115	NY, Washington	NY-WASHINGTON
36117	NY, Wayne	NY-WAYNE
36119	NY, Westchester	NY-WESTCHESTER
36121	NY, Wyoming	NY-WYOMING
36123	NY, Yates	NY-YATES
39000	OH	OH
39001	OH, Adams	OH-ADAMS
39003	OH, Allen	OH-ALLEN
39005	OH, Ashland	OH-ASHLAND
39007	OH, Ashtabula	OH-ASHTABULA
39009	OH, Athens	OH-ATHENS
39011	OH, Auglaize	OH-AUGLAIZE
39013	OH, Belmont	OH-BELMONT
39015	OH, Brown	OH-BROWN
39017	OH, Butler	OH-BUTLER
39019	OH, Carroll	OH-CARROLL
39021	OH, Champaign	OH-CHAMPAIGN
39023	OH, Clark	OH-CLARK
39025	OH, Clermont	OH-CLERMONT
39027	OH, Clinton	OH-CLINTON
39029	OH, Columbiana	OH-COLUMBIANA
39031	OH, Coshocton	OH-COSHOCTON
39033	OH, Crawford	OH-CRAWFORD
39035	OH, Cuyahoga	OH-CUYAHOGA
39037	OH, Darke	OH-DARKE
39039	OH, Defiance	OH-DEFIANCE
39041	OH, Delaware	OH-DELAWARE
39043	OH, Erie	OH-ERIE
39045	OH, Fairfield	OH-FAIRFIELD
39047	OH, Fayette	OH-FAYETTE
39049	OH, Franklin	OH-FRANKLIN
39051	OH, Fulton	OH-FULTON
39053	OH, Gallia	OH-GALLIA
39055	OH, Geauga	OH-GEAUGA
39057	OH, Greene	OH-GREENE
39059	OH, Guernsey	OH-GUERNSEY
39061	OH, Hamilton	OH-HAMILTON
39063	OH, Hancock	OH-HANCOCK
39065	OH, Hardin	OH-HARDIN
39067	OH, Harrison	OH-HARRISON
39069	OH, Henry	OH-HENRY
39071	OH, Highland	OH-HIGHLAND
39073	OH, Hocking	OH-HOCKING
39075	OH, Holmes	OH-HOLMES
39077	OH, Huron	OH-HURON
39079	OH, Jackson	OH-JACKSON
39081	OH, Jefferson	OH-JEFFERSON
39083	OH, Knox	OH-KNOX
39085	OH, Lake	OH-LAKE
39087	OH, Lawrence	OH-LAWRENCE
39089	OH, Licking	OH-LICKING
39091	OH, Logan	OH-LOGAN
39093	OH, Lorain	OH-LORAIN
39095	OH, Lucas	OH-LUCAS
39097	OH, Madison	OH-MADISON
39099	OH, Mahoning	OH-MAHONING
39101	OH, Marion	OH-MARION
39103	OH, Medina	OH-MEDINA
39105	OH, Meigs	OH-MEIGS
39107	OH, Mercer	OH-MERCER
39109	OH, Miami	OH-MIAMI
39111	OH, Monroe	OH-MONROE
39113	OH, Montgomery	OH-MONTGOMERY
39115	OH, Morgan	OH-MORGAN
39117	OH, Morrow	OH-MORROW
39119	OH, Muskingum	OH-MUSKINGUM
39121	OH, Noble	OH-NOBLE
39123	OH, Ottawa	OH-OTTAWA
39125	OH, Paulding	OH-PAULDING
39127	OH, Perry	OH-PERRY
39129	OH, Pickaway	OH-PICKAWAY
39131	OH, Pike	OH-PIKE
39133	OH, Portage	OH-PORTAGE
39135	OH, Preble	OH-PREBLE
39137	OH, Putnam	OH-PUTNAM
39139	OH, Richland	OH-RICHLAND
39141	OH, Ross	OH-ROSS
39143	OH, Sandusky	OH-SANDUSKY
39145	OH, Scioto	OH-SCIOTO
39147	OH, Seneca	OH-SENECA
39149	OH, Shelby	OH-SHELBY
39151	OH, Stark	OH-STARK
39153	OH, Summit	OH-SUMMIT
39155	OH, Trumbull	OH-TRUMBULL
39157	OH, Tuscarawas	OH-TUSCARAWAS
39159	OH, Union	OH-UNION
39161	OH, Van Wert	OH-VAN WERT
39163	OH, Vinton	OH-VINTON
39165	OH, Warren	OH-WARREN
39167	OH, Washington	OH-WASHINGTON
39169	OH, Wayne	OH-WAYNE
39171	OH, Williams	OH-WILLIAMS
39173	OH, Wood	OH-WOOD
39175	OH, Wyandot	OH-WYANDOT
40000	OK	OK
40001	OK, Adair	OK-ADAIR
40003	OK, Alfalfa	OK-ALFALFA
40005	OK, Atoka	OK-ATOKA
40007	OK, Beaver	OK-BEAVER
40009	OK, Beckham	OK-BECKHAM
40011	OK, Blaine	OK-BLAINE
40013	OK, Bryan	OK-BRYAN
40015	OK, Caddo	OK-CADDO
40017	OK, Canadian	OK-CANADIAN
40019	OK, Carter	OK-CARTER
40021	OK, Cherokee	OK-CHEROKEE
40023	OK, Choctaw	OK-CHOCTAW
40025	OK, Cimarron	OK-CIMARRON
40027	OK, Cleveland	OK-CLEVELAND
40029	OK, Coal	OK-COAL
40031	OK, Comanche	OK-COMANCHE
40033	OK, Cotton	OK-COTTON
40035	OK, Craig	OK-CRAIG
40037	OK, Creek	OK-CREEK
40039	OK, Custer	OK-CUSTER
40041	OK, Delaware	OK-DELAWARE
40043	OK, Dewey	OK-DEWEY
40045	OK, Ellis	OK-ELLIS
40047	OK, Garfield	OK-GARFIELD
40049	OK, Garvin	OK-GARVIN
40051	OK, Grady	OK-GRADY
40053	OK, Grant	OK-GRANT
40055	OK, Greer	OK-GREER
40057	OK, Harmon	OK-HARMON
40059	OK, Harper	OK-HARPER
40061	OK, Haskell	OK-HASKELL
40063	OK, Hughes	OK-HUGHES
40065	OK, Jackson	OK-JACKSON
40067	OK, Jefferson	OK-JEFFERSON
40069	OK, Johnston	OK-JOHNSTON
40071	OK, Kay	OK-KAY
40073	OK, Kingfisher	OK-KINGFISHER
40075	OK, Kiowa	OK-KIOWA
40077	OK, Latimer	OK-LATIMER
40079	OK, Le Flore	OK-LE FLORE
40081	OK, Lincoln	OK-LINCOLN
40083	OK, Logan	OK-LOGAN
40085	OK, Love	OK-LOVE
40093	OK, Major	OK-MAJOR
40095	OK, Marshall	OK-MARSHALL
40097	OK, Mayes	OK-MAYES
40087	OK, McClain	OK-MCCLAIN
40089	OK, McCurtain	OK-MCCURTAIN
40091	OK, McIntosh	OK-MCINTOSH
40099	OK, Murray	OK-MURRAY
40101	OK, Muskogee	OK-MUSKOGEE
40103	OK, Noble	OK-NOBLE
40105	OK, Nowata	OK-NOWATA
40107	OK, Okfuskee	OK-OKFUSKEE
40109	OK, Oklahoma	OK-OKLAHOMA
40111	OK, Okmulgee	OK-OKMULGEE
40113	OK, Osage	OK-OSAGE
40115	OK, Ottawa	OK-OTTAWA
40117	OK, Pawnee	OK-PAWNEE
40119	OK, Payne	OK-PAYNE
40121	OK, Pittsburg	OK-PITTSBURG
40123	OK, Pontotoc	OK-PONTOTOC
40125	OK, Pottawatomie	OK-POTTAWATOMIE
40127	OK, Pushmataha	OK-PUSHMATAHA
40129	OK, Roger Mills	OK-ROGER MILLS
40131	OK, Rogers	OK-ROGERS
40133	OK, Seminole	OK-SEMINOLE
40135	OK, Sequoyah	OK-SEQUOYAH
40137	OK, Stephens	OK-STEPHENS
40139	OK, Texas	OK-TEXAS
40141	OK, Tillman	OK-TILLMAN
40143	OK, Tulsa	OK-TULSA
40145	OK, Wagoner	OK-WAGONER
40147	OK, Washington	OK-WASHINGTON
40149	OK, Washita	OK-WASHITA
40151	OK, Woods	OK-WOODS
40153	OK, Woodward	OK-WOODWARD
41000	OR	OR
41001	OR, Baker	OR-BAKER
41003	OR, Benton	OR-BENTON
41005	OR, Clackamas	OR-CLACKAMAS
41007	OR, Clatsop	OR-CLATSOP
41009	OR, Columbia	OR-COLUMBIA
41011	OR, Coos	OR-COOS
41013	OR, Crook	OR-CROOK
41015	OR, Curry	OR-CURRY
41017	OR, Deschutes	OR-DESCHUTES
41019	OR, Douglas	OR-DOUGLAS
41021	OR, Gilliam	OR-GILLIAM
41023	OR, Grant	OR-GRANT
41025	OR, Harney	OR-HARNEY
41027	OR, Hood River	OR-HOOD RIVER
41029	OR, Jackson	OR-JACKSON
41031	OR, Jefferson	OR-JEFFERSON
41033	OR, Josephine	OR-JOSEPHINE
41035	OR, Klamath	OR-KLAMATH
41037	OR, Lake	OR-LAKE
41039	OR, Lane	OR-LANE
41041	OR, Lincoln	OR-LINCOLN
41043	OR, Linn	OR-LINN
41045	OR, Malheur	OR-MALHEUR
41047	OR, Marion	OR-MARION
41049	OR, Morrow	OR-MORROW
41051	OR, Multnomah	OR-MULTNOMAH
41053	OR, Polk	OR-POLK
41055	OR, Sherman	OR-SHERMAN
41057	OR, Tillamook	OR-TILLAMOOK
41059	OR, Umatilla	OR-UMATILLA
41061	OR, Union	OR-UNION
41063	OR, Wallowa	OR-WALLOWA
41065	OR, Wasco	OR-WASCO
41067	OR, Washington	OR-WASHINGTON
41069	OR, Wheeler	OR-WHEELER
41071	OR, Yamhill	OR-YAMHILL
42000	PA	PA
42001	PA, Adams	PA-ADAMS
42003	PA, Allegheny	PA-ALLEGHENY
42005	PA, Armstrong	PA-ARMSTRONG
42007	PA, Beaver	PA-BEAVER
42009	PA, Bedford	PA-BEDFORD
42011	PA, Berks	PA-BERKS
42013	PA, Blair	PA-BLAIR
42015	PA, Bradford	PA-BRADFORD
42017	PA, Bucks	PA-BUCKS
42019	PA, Butler	PA-BUTLER
42021	PA, Cambria	PA-CAMBRIA
42023	PA, Cameron	PA-CAMERON
42025	PA, Carbon	PA-CARBON
42027	PA, Centre	PA-CENTRE
42029	PA, Chester	PA-CHESTER
42031	PA, Clarion	PA-CLARION
42033	PA, Clearfield	PA-CLEARFIELD
42035	PA, Clinton	PA-CLINTON
42037	PA, Columbia	PA-COLUMBIA
42039	PA, Crawford	PA-CRAWFORD
42041	PA, Cumberland	PA-CUMBERLAND
42043	PA, Dauphin	PA-DAUPHIN
42045	PA, Delaware	PA-DELAWARE
42047	PA, Elk	PA-ELK
42049	PA, Erie	PA-ERIE
42051	PA, Fayette	PA-FAYETTE
42053	PA, Forest	PA-FOREST
42055	PA, Franklin	PA-FRANKLIN
42057	PA, Fulton	PA-FULTON
42059	PA, Greene	PA-GREENE
42061	PA, Huntingdon	PA-HUNTINGDON
42063	PA, Indiana	PA-INDIANA
42065	PA, Jefferson	PA-JEFFERSON
42067	PA, Juniata	PA-JUNIATA
42069	PA, Lackawanna	PA-LACKAWANNA
42071	PA, Lancaster	PA-LANCASTER
42073	PA, Lawrence	PA-LAWRENCE
42075	PA, Lebanon	PA-LEBANON
42077	PA, Lehigh	PA-LEHIGH
42079	PA, Luzerne	PA-LUZERNE
42081	PA, Lycoming	PA-LYCOMING
42083	PA, McKean	PA-MCKEAN
42085	PA, Mercer	PA-MERCER
42087	PA, Mifflin	PA-MIFFLIN
42089	PA, Monroe	PA-MONROE
42091	PA, Montgomery	PA-MONTGOMERY
42093	PA, Montour	PA-MONTOUR
42095	PA, Northampton	PA-NORTHAMPTON
42097	PA, Northumberland	PA-NORTHUMBERLAND
42099	PA, Perry	PA-PERRY
42101	PA, Philadelphia	PA-PHILADELPHIA
42103	PA, Pike	PA-PIKE
42105	PA, Potter	PA-POTTER
42107	PA, Schuylkill	PA-SCHUYLKILL
42109	PA, Snyder	PA-SNYDER
42111	PA, Somerset	PA-SOMERSET
42113	PA, Sullivan	PA-SULLIVAN
42115	PA, Susquehanna	PA-SUSQUEHANNA
42117	PA, Tioga	PA-TIOGA
42119	PA, Union	PA-UNION
42121	PA, Venango	PA-VENANGO
42123	PA, Warren	PA-WARREN
42125	PA, Washington	PA-WASHINGTON
42127	PA, Wayne	PA-WAYNE
42129	PA, Westmoreland	PA-WESTMORELAND
42131	PA, Wyoming	PA-WYOMING
42133	PA, York	PA-YORK
72000	PR	PR
72001	PR, Adjuntas	PR-ADJUNTAS
72003	PR, Aguada	PR-AGUADA
72005	PR, Aguadilla	PR-AGUADILLA
72007	PR, Aguas Buenas	PR-AGUAS BUENAS
72009	PR, Aibonito	PR-AIBONITO
72011	PR, Anasco	PR-ANASCO
72013	PR, Arecibo	PR-ARECIBO
72015	PR, Arroyo	PR-ARROYO
72017	PR, Barceloneta	PR-BARCELONETA
72019	PR, Barranquitas	PR-BARRANQUITAS
72021	PR, Bayamo'n	PR-BAYAMO'N
72023	PR, Cabo Rojo	PR-CABO ROJO
72025	PR, Caguas	PR-CAGUAS
72027	PR, Camuy	PR-CAMUY
72029	PR, Canovanas	PR-CANOVANAS
72031	PR, Carolina	PR-CAROLINA
72033	PR, Catano	PR-CATANO
72035	PR, Cayey	PR-CAYEY
72037	PR, Ceiba	PR-CEIBA
72041	PR, Cidra	PR-CIDRA
72043	PR, Coamo	PR-COAMO
72045	PR, Comerio	PR-COMERIO
72047	PR, Corozal	PR-COROZAL
72049	PR, Culebra	PR-CULEBRA
72051	PR, Dorado	PR-DORADO
72053	PR, Fajardo	PR-FAJARDO
72054	PR, Florida	PR-FLORIDA
72055	PR, Guanica	PR-GUANICA
72057	PR, Guayama	PR-GUAYAMA
72059	PR, Guayanilla	PR-GUAYANILLA
72061	PR, Guaynabo	PR-GUAYNABO
72063	PR, Gurabo	PR-GURABO
72065	PR, Hatillo	PR-HATILLO
72067	PR, Hormigueros	PR-HORMIGUEROS
72069	PR, Humacao	PR-HUMACAO
72071	PR, Isabela	PR-ISABELA
72073	PR, Jayuya	PR-JAYUYA
72075	PR, Juana Diaz	PR-JUANA DIAZ
72077	PR, Juncos	PR-JUNCOS
72079	PR, Lajas	PR-LAJAS
72081	PR, Lares	PR-LARES
72083	PR, Las Marias	PR-LAS MARIAS
72085	PR, Las Piedras	PR-LAS PIEDRAS
72087	PR, Loiza	PR-LOIZA
72089	PR, Luquillo	PR-LUQUILLO
72091	PR, Manati	PR-MANATI
72093	PR, Maricao	PR-MARICAO
72097	PR, Mayaguez	PR-MAYAGUEZ
72099	PR, Moca	PR-MOCA
72101	PR, Morovis	PR-MOROVIS
72103	PR, Naguabo	PR-NAGUABO
72105	PR, Naranjito	PR-NARANJITO
72107	PR, Orocovis	PR-OROCOVIS
72109	PR, Patillas	PR-PATILLAS
72111	PR, Penuelas	PR-PENUELAS
72113	PR, Ponce	PR-PONCE
72115	PR, Quebradillas	PR-QUEBRADILLAS
72117	PR, Rincon	PR-RINCON
72119	PR, Rio Grande	PR-RIO GRANDE
72121	PR, Sabana Grande	PR-SABANA GRANDE
72123	PR, Salinas	PR-SALINAS
72125	PR, San German	PR-SAN GERMAN
72127	PR, San Juan	PR-SAN JUAN
72129	PR, San Lorenzo	PR-SAN LORENZO
72131	PR, San Sebastian	PR-SAN SEBASTIAN
72133	PR, Santa Isabel	PR-SANTA ISABEL
72135	PR, Toa Alta	PR-TOA ALTA
72137	PR, Toa Baja	PR-TOA BAJA
72139	PR, Trujillo Alto	PR-TRUJILLO ALTO
72141	PR, Utuado	PR-UTUADO
72143	PR, Vega Alta	PR-VEGA ALTA
72145	PR, Vega Baja	PR-VEGA BAJA
72147	PR, Vieques	PR-VIEQUES
72149	PR, Villalba	PR-VILLALBA
72151	PR, Yabucoa	PR-YABUCOA
72153	PR, Yauco	PR-YAUCO
70000	PW	PW
70002	PW, Aimeliik	PW-AIMELIIK
70004	PW, Airai	PW-AIRAI
70212	PW, Melekeok	PW-MELEKEOK
70214	PW, Ngaraard	PW-NGARAARD
70227	PW, Ngernmlengui	PW-NGERNMLENGUI
70228	PW, Ngiwal	PW-NGIWAL
44000	RI	RI
44001	RI, Bristol	RI-BRISTOL
44003	RI, Kent	RI-KENT
44005	RI, Newport	RI-NEWPORT
44007	RI, Providence	RI-PROVIDENCE
44009	RI, Washington	RI-WASHINGTON
45000	SC	SC
45001	SC, Abbeville	SC-ABBEVILLE
45003	SC, Aiken	SC-AIKEN
45005	SC, Allendale	SC-ALLENDALE
45007	SC, Anderson	SC-ANDERSON
45009	SC, Bamberg	SC-BAMBERG
45011	SC, Barnwell	SC-BARNWELL
45013	SC, Beaufort	SC-BEAUFORT
45015	SC, Berkeley	SC-BERKELEY
45017	SC, Calhoun	SC-CALHOUN
45019	SC, Charleston	SC-CHARLESTON
45021	SC, Cherokee	SC-CHEROKEE
45023	SC, Chester	SC-CHESTER
45025	SC, Chesterfield	SC-CHESTERFIELD
45027	SC, Clarendon	SC-CLARENDON
45029	SC, Colleton	SC-COLLETON
45031	SC, Darlington	SC-DARLINGTON
45033	SC, Dillon	SC-DILLON
45035	SC, Dorchester	SC-DORCHESTER
45037	SC, Edgefield	SC-EDGEFIELD
45039	SC, Fairfield	SC-FAIRFIELD
45041	SC, Florence	SC-FLORENCE
45043	SC, Georgetown	SC-GEORGETOWN
45045	SC, Greenville	SC-GREENVILLE
45047	SC, Greenwood	SC-GREENWOOD
45049	SC, Hampton	SC-HAMPTON
45051	SC, Horry	SC-HORRY
45053	SC, Jasper	SC-JASPER
45055	SC, Kershaw	SC-KERSHAW
45057	SC, Lancaster	SC-LANCASTER
45059	SC, Laurens	SC-LAURENS
45061	SC, Lee	SC-LEE
45063	SC, Lexington	SC-LEXINGTON
45067	SC, Marion	SC-MARION
45069	SC, Marlboro	SC-MARLBORO
45065	SC, McCormick	SC-MCCORMICK
45071	SC, Newberry	SC-NEWBERRY
45073	SC, Oconee	SC-OCONEE
45075	SC, Orangeburg	SC-ORANGEBURG
45077	SC, Pickens	SC-PICKENS
45079	SC, Richland	SC-RICHLAND
45081	SC, Saluda	SC-SALUDA
45083	SC, Spartanburg	SC-SPARTANBURG
45085	SC, Sumter	SC-SUMTER
45087	SC, Union	SC-UNION
45089	SC, Williamsburg	SC-WILLIAMSBURG
45091	SC, York	SC-YORK
46000	SD	SD
46003	SD, Aurora	SD-AURORA
46005	SD, Beadle	SD-BEADLE
46007	SD, Bennett	SD-BENNETT
46009	SD, Bon Homme	SD-BON HOMME
46011	SD, Brookings	SD-BROOKINGS
46013	SD, Brown	SD-BROWN
46015	SD, Brule	SD-BRULE
46017	SD, Buffalo	SD-BUFFALO
46019	SD, Butte	SD-BUTTE
46021	SD, Campbell	SD-CAMPBELL
46023	SD, Charles Mix	SD-CHARLES MIX
46025	SD, Clark	SD-CLARK
46027	SD, Clay	SD-CLAY
46029	SD, Codington	SD-CODINGTON
46031	SD, Corson	SD-CORSON
46033	SD, Custer	SD-CUSTER
46035	SD, Davison	SD-DAVISON
46037	SD, Day	SD-DAY
46039	SD, Deuel	SD-DEUEL
46041	SD, Dewey	SD-DEWEY
46043	SD, Douglas	SD-DOUGLAS
46045	SD, Edmunds	SD-EDMUNDS
46047	SD, Fall River	SD-FALL RIVER
46049	SD, Faulk	SD-FAULK
46051	SD, Grant	SD-GRANT
46053	SD, Gregory	SD-GREGORY
46055	SD, Haakon	SD-HAAKON
46057	SD, Hamlin	SD-HAMLIN
46059	SD, Hand	SD-HAND
46061	SD, Hanson	SD-HANSON
46063	SD, Harding	SD-HARDING
46065	SD, Hughes	SD-HUGHES
46067	SD, Hutchinson	SD-HUTCHINSON
46069	SD, Hyde	SD-HYDE
46071	SD, Jackson	SD-JACKSON
46073	SD, Jerauld	SD-JERAULD
46075	SD, Jones	SD-JONES
46077	SD, Kingsbury	SD-KINGSBURY
46079	SD, Lake	SD-LAKE
46081	SD, Lawrence	SD-LAWRENCE
46083	SD, Lincoln	SD-LINCOLN
46085	SD, Lyman	SD-LYMAN
46091	SD, Marshall	SD-MARSHALL
46087	SD, McCook	SD-MCCOOK
46089	SD, McPherson	SD-MCPHERSON
46093	SD, Meade	SD-MEADE
46095	SD, Mellette	SD-MELLETTE
46097	SD, Miner	SD-MINER
46099	SD, Minnehaha	SD-MINNEHAHA
46101	SD, Moody	SD-MOODY
46103	SD, Pennington	SD-PENNINGTON
46105	SD, Perkins	SD-PERKINS
46107	SD, Potter	SD-POTTER
46109	SD, Roberts	SD-ROBERTS
46111	SD, Sanborn	SD-SANBORN
46113	SD, Shannon	SD-SHANNON
46115	SD, Spink	SD-SPINK
46117	SD, Stanley	SD-STANLEY
46119	SD, Sully	SD-SULLY
46121	SD, Todd	SD-TODD
46123	SD, Tripp	SD-TRIPP
46125	SD, Turner	SD-TURNER
46127	SD, Union	SD-UNION
46129	SD, Walworth	SD-WALWORTH
46135	SD, Yankton	SD-YANKTON
46137	SD, Ziebach	SD-ZIEBACH
47000	TN	TN
47001	TN, Anderson	TN-ANDERSON
47003	TN, Bedford	TN-BEDFORD
47005	TN, Benton	TN-BENTON
47007	TN, Bledsoe	TN-BLEDSOE
47009	TN, Blount	TN-BLOUNT
47011	TN, Bradley	TN-BRADLEY
47013	TN, Campbell	TN-CAMPBELL
47015	TN, Cannon	TN-CANNON
47017	TN, Carroll	TN-CARROLL
47019	TN, Carter	TN-CARTER
47021	TN, Cheatham	TN-CHEATHAM
47023	TN, Chester	TN-CHESTER
47025	TN, Claiborne	TN-CLAIBORNE
47027	TN, Clay	TN-CLAY
47029	TN, Cocke	TN-COCKE
47031	TN, Coffee	TN-COFFEE
47033	TN, Crockett	TN-CROCKETT
47035	TN, Cumberland	TN-CUMBERLAND
47037	TN, Davidson	TN-DAVIDSON
47039	TN, Decatur	TN-DECATUR
47041	TN, DeKalb	TN-DEKALB
47043	TN, Dickson	TN-DICKSON
47045	TN, Dyer	TN-DYER
47047	TN, Fayette	TN-FAYETTE
47049	TN, Fentress	TN-FENTRESS
47051	TN, Franklin	TN-FRANKLIN
47053	TN, Gibson	TN-GIBSON
47055	TN, Giles	TN-GILES
47057	TN, Grainger	TN-GRAINGER
47059	TN, Greene	TN-GREENE
47061	TN, Grundy	TN-GRUNDY
47063	TN, Hamblen	TN-HAMBLEN
47065	TN, Hamilton	TN-HAMILTON
47067	TN, Hancock	TN-HANCOCK
47069	TN, Hardeman	TN-HARDEMAN
47071	TN, Hardin	TN-HARDIN
47073	TN, Hawkins	TN-HAWKINS
47075	TN, Haywood	TN-HAYWOOD
47077	TN, Henderson	TN-HENDERSON
47079	TN, Henry	TN-HENRY
47081	TN, Hickman	TN-HICKMAN
47083	TN, Houston	TN-HOUSTON
47085	TN, Humphreys	TN-HUMPHREYS
47087	TN, Jackson	TN-JACKSON
47089	TN, Jefferson	TN-JEFFERSON
47091	TN, Johnson	TN-JOHNSON
47093	TN, Knox	TN-KNOX
47095	TN, Lake	TN-LAKE
47097	TN, Lauderdale	TN-LAUDERDALE
47099	TN, Lawrence	TN-LAWRENCE
47101	TN, Lewis	TN-LEWIS
47103	TN, Lincoln	TN-LINCOLN
47105	TN, Loudon	TN-LOUDON
47111	TN, Macon	TN-MACON
47113	TN, Madison	TN-MADISON
47115	TN, Marion	TN-MARION
47117	TN, Marshall	TN-MARSHALL
47119	TN, Maury	TN-MAURY
47107	TN, McMinn	TN-MCMINN
47109	TN, McNairy	TN-MCNAIRY
47121	TN, Meigs	TN-MEIGS
47123	TN, Monroe	TN-MONROE
47125	TN, Montgomery	TN-MONTGOMERY
47127	TN, Moore	TN-MOORE
47129	TN, Morgan	TN-MORGAN
47131	TN, Obion	TN-OBION
47133	TN, Overton	TN-OVERTON
47135	TN, Perry	TN-PERRY
47137	TN, Pickett	TN-PICKETT
47139	TN, Polk	TN-POLK
47141	TN, Putnam	TN-PUTNAM
47143	TN, Rhea	TN-RHEA
47145	TN, Roane	TN-ROANE
47147	TN, Robertson	TN-ROBERTSON
47149	TN, Rutherford	TN-RUTHERFORD
47151	TN, Scott	TN-SCOTT
47153	TN, Sequatchie	TN-SEQUATCHIE
47155	TN, Sevier	TN-SEVIER
47157	TN, Shelby	TN-SHELBY
47159	TN, Smith	TN-SMITH
47161	TN, Stewart	TN-STEWART
47163	TN, Sullivan	TN-SULLIVAN
47165	TN, Sumner	TN-SUMNER
47167	TN, Tipton	TN-TIPTON
47169	TN, Trousdale	TN-TROUSDALE
47171	TN, Unicoi	TN-UNICOI
47173	TN, Union	TN-UNION
47175	TN, Van Buren	TN-VAN BUREN
47177	TN, Warren	TN-WARREN
47179	TN, Washington	TN-WASHINGTON
47181	TN, Wayne	TN-WAYNE
47183	TN, Weakley	TN-WEAKLEY
47185	TN, White	TN-WHITE
47187	TN, Williamson	TN-WILLIAMSON
47189	TN, Wilson	TN-WILSON
48000	TX	TX
48001	TX, Anderson	TX-ANDERSON
48003	TX, Andrews	TX-ANDREWS
48005	TX, Angelina	TX-ANGELINA
48007	TX, Aransas	TX-ARANSAS
48009	TX, Archer	TX-ARCHER
48011	TX, Armstrong	TX-ARMSTRONG
48013	TX, Atascosa	TX-ATASCOSA
48015	TX, Austin	TX-AUSTIN
48017	TX, Bailey	TX-BAILEY
48019	TX, Bandera	TX-BANDERA
48021	TX, Bastrop	TX-BASTROP
48023	TX, Baylor	TX-BAYLOR
48025	TX, Bee	TX-BEE
48027	TX, Bell	TX-BELL
48029	TX, Bexar	TX-BEXAR
48031	TX, Blanco	TX-BLANCO
48033	TX, Borden	TX-BORDEN
48035	TX, Bosque	TX-BOSQUE
48037	TX, Bowie	TX-BOWIE
48039	TX, Brazoria	TX-BRAZORIA
48041	TX, Brazos	TX-BRAZOS
48043	TX, Brewster	TX-BREWSTER
48045	TX, Briscoe	TX-BRISCOE
48047	TX, Brooks	TX-BROOKS
48049	TX, Brown	TX-BROWN
48051	TX, Burleson	TX-BURLESON
48053	TX, Burnet	TX-BURNET
48055	TX, Caldwell	TX-CALDWELL
48057	TX, Calhoun	TX-CALHOUN
48059	TX, Callahan	TX-CALLAHAN
48061	TX, Cameron	TX-CAMERON
48063	TX, Camp	TX-CAMP
48065	TX, Carson	TX-CARSON
48067	TX, Cass	TX-CASS
48069	TX, Castro	TX-CASTRO
48071	TX, Chambers	TX-CHAMBERS
48073	TX, Cherokee	TX-CHEROKEE
48075	TX, Childress	TX-CHILDRESS
48077	TX, Clay	TX-CLAY
48079	TX, Cochran	TX-COCHRAN
48081	TX, Coke	TX-COKE
48083	TX, Coleman	TX-COLEMAN
48085	TX, Collin	TX-COLLIN
48087	TX, Collingsworth	TX-COLLINGSWORTH
48089	TX, Colorado	TX-COLORADO
48091	TX, Comal	TX-COMAL
48093	TX, Comanche	TX-COMANCHE
48095	TX, Concho	TX-CONCHO
48097	TX, Cooke	TX-COOKE
48099	TX, Coryell	TX-CORYELL
48101	TX, Cottle	TX-COTTLE
48103	TX, Crane	TX-CRANE
48105	TX, Crockett	TX-CROCKETT
48107	TX, Crosby	TX-CROSBY
48109	TX, Culberson	TX-CULBERSON
48111	TX, Dallam	TX-DALLAM
48113	TX, Dallas	TX-DALLAS
48115	TX, Dawson	TX-DAWSON
48123	TX, De Witt	TX-DE WITT
48117	TX, Deaf Smith	TX-DEAF SMITH
48119	TX, Delta	TX-DELTA
48121	TX, Denton	TX-DENTON
48125	TX, Dickens	TX-DICKENS
48127	TX, Dimmit	TX-DIMMIT
48129	TX, Donley	TX-DONLEY
48131	TX, Duval	TX-DUVAL
48133	TX, Eastland	TX-EASTLAND
48135	TX, Ector	TX-ECTOR
48137	TX, Edwards	TX-EDWARDS
48141	TX, El Paso	TX-EL PASO
48139	TX, Ellis	TX-ELLIS
48143	TX, Erath	TX-ERATH
48145	TX, Falls	TX-FALLS
48147	TX, Fannin	TX-FANNIN
48149	TX, Fayette	TX-FAYETTE
48151	TX, Fisher	TX-FISHER
48153	TX, Floyd	TX-FLOYD
48155	TX, Foard	TX-FOARD
48157	TX, Fort Bend	TX-FORT BEND
48159	TX, Franklin	TX-FRANKLIN
48161	TX, Freestone	TX-FREESTONE
48163	TX, Frio	TX-FRIO
48165	TX, Gaines	TX-GAINES
48167	TX, Galveston	TX-GALVESTON
48169	TX, Garza	TX-GARZA
48171	TX, Gillespie	TX-GILLESPIE
48173	TX, Glasscock	TX-GLASSCOCK
48175	TX, Goliad	TX-GOLIAD
48177	TX, Gonzales	TX-GONZALES
48179	TX, Gray	TX-GRAY
48181	TX, Grayson	TX-GRAYSON
48183	TX, Gregg	TX-GREGG
48185	TX, Grimes	TX-GRIMES
48187	TX, Guadalupe	TX-GUADALUPE
48189	TX, Hale	TX-HALE
48191	TX, Hall	TX-HALL
48193	TX, Hamilton	TX-HAMILTON
48195	TX, Hansford	TX-HANSFORD
48197	TX, Hardeman	TX-HARDEMAN
48199	TX, Hardin	TX-HARDIN
48201	TX, Harris	TX-HARRIS
48203	TX, Harrison	TX-HARRISON
48205	TX, Hartley	TX-HARTLEY
48207	TX, Haskell	TX-HASKELL
48209	TX, Hays	TX-HAYS
48211	TX, Hemphill	TX-HEMPHILL
48213	TX, Henderson	TX-HENDERSON
48215	TX, Hidalgo	TX-HIDALGO
48217	TX, Hill	TX-HILL
48219	TX, Hockley	TX-HOCKLEY
48221	TX, Hood	TX-HOOD
48223	TX, Hopkins	TX-HOPKINS
48225	TX, Houston	TX-HOUSTON
48227	TX, Howard	TX-HOWARD
48229	TX, Hudspeth	TX-HUDSPETH
48231	TX, Hunt	TX-HUNT
48233	TX, Hutchinson	TX-HUTCHINSON
48235	TX, Irion	TX-IRION
48237	TX, Jack	TX-JACK
48239	TX, Jackson	TX-JACKSON
48241	TX, Jasper	TX-JASPER
48243	TX, Jeff Davis	TX-JEFF DAVIS
48245	TX, Jefferson	TX-JEFFERSON
48247	TX, Jim Hogg	TX-JIM HOGG
48249	TX, Jim Wells	TX-JIM WELLS
48251	TX, Johnson	TX-JOHNSON
48253	TX, Jones	TX-JONES
48255	TX, Karnes	TX-KARNES
48257	TX, Kaufman	TX-KAUFMAN
48259	TX, Kendall	TX-KENDALL
48261	TX, Kenedy	TX-KENEDY
48263	TX, Kent	TX-KENT
48265	TX, Kerr	TX-KERR
48267	TX, Kimble	TX-KIMBLE
48269	TX, King	TX-KING
48271	TX, Kinney	TX-KINNEY
48273	TX, Kleberg	TX-KLEBERG
48275	TX, Knox	TX-KNOX
48283	TX, La Salle	TX-LA SALLE
48277	TX, Lamar	TX-LAMAR
48279	TX, Lamb	TX-LAMB
48281	TX, Lampasas	TX-LAMPASAS
48285	TX, Lavaca	TX-LAVACA
48287	TX, Lee	TX-LEE
48289	TX, Leon	TX-LEON
48291	TX, Liberty	TX-LIBERTY
48293	TX, Limestone	TX-LIMESTONE
48295	TX, Lipscomb	TX-LIPSCOMB
48297	TX, Live Oak	TX-LIVE OAK
48299	TX, Llano	TX-LLANO
48301	TX, Loving	TX-LOVING
48303	TX, Lubbock	TX-LUBBOCK
48305	TX, Lynn	TX-LYNN
48313	TX, Madison	TX-MADISON
48315	TX, Marion	TX-MARION
48317	TX, Martin	TX-MARTIN
48319	TX, Mason	TX-MASON
48321	TX, Matagorda	TX-MATAGORDA
48323	TX, Maverick	TX-MAVERICK
48307	TX, McCulloch	TX-MCCULLOCH
48309	TX, McLennan	TX-MCLENNAN
48311	TX, McMullen	TX-MCMULLEN
48325	TX, Medina	TX-MEDINA
48327	TX, Menard	TX-MENARD
48329	TX, Midland	TX-MIDLAND
48331	TX, Milam	TX-MILAM
48333	TX, Mills	TX-MILLS
48335	TX, Mitchell	TX-MITCHELL
48337	TX, Montague	TX-MONTAGUE
48339	TX, Montgomery	TX-MONTGOMERY
48341	TX, Moore	TX-MOORE
48343	TX, Morris	TX-MORRIS
48345	TX, Motley	TX-MOTLEY
48347	TX, Nacogdoches	TX-NACOGDOCHES
48349	TX, Navarro	TX-NAVARRO
48351	TX, Newton	TX-NEWTON
48353	TX, Nolan	TX-NOLAN
48355	TX, Nueces	TX-NUECES
48357	TX, Ochiltree	TX-OCHILTREE
48359	TX, Oldham	TX-OLDHAM
48361	TX, Orange	TX-ORANGE
48363	TX, Palo Pinto	TX-PALO PINTO
48365	TX, Panola	TX-PANOLA
48367	TX, Parker	TX-PARKER
48369	TX, Parmer	TX-PARMER
48371	TX, Pecos	TX-PECOS
48373	TX, Polk	TX-POLK
48375	TX, Potter	TX-POTTER
48377	TX, Presidio	TX-PRESIDIO
48379	TX, Rains	TX-RAINS
48381	TX, Randall	TX-RANDALL
48383	TX, Reagan	TX-REAGAN
48385	TX, Real	TX-REAL
48387	TX, Red River	TX-RED RIVER
48389	TX, Reeves	TX-REEVES
48391	TX, Refugio	TX-REFUGIO
48393	TX, Roberts	TX-ROBERTS
48395	TX, Robertson	TX-ROBERTSON
48397	TX, Rockwall	TX-ROCKWALL
48399	TX, Runnels	TX-RUNNELS
48401	TX, Rusk	TX-RUSK
48403	TX, Sabine	TX-SABINE
48405	TX, San Augustine	TX-SAN AUGUSTINE
48407	TX, San Jacinto	TX-SAN JACINTO
48409	TX, San Patricio	TX-SAN PATRICIO
48411	TX, San Saba	TX-SAN SABA
48413	TX, Schleicher	TX-SCHLEICHER
48415	TX, Scurry	TX-SCURRY
48417	TX, Shackelford	TX-SHACKELFORD
48419	TX, Shelby	TX-SHELBY
48421	TX, Sherman	TX-SHERMAN
48423	TX, Smith	TX-SMITH
48425	TX, Somervell	TX-SOMERVELL
48427	TX, Starr	TX-STARR
48429	TX, Stephens	TX-STEPHENS
48431	TX, Sterling	TX-STERLING
48433	TX, Stonewall	TX-STONEWALL
48435	TX, Sutton	TX-SUTTON
48437	TX, Swisher	TX-SWISHER
48439	TX, Tarrant	TX-TARRANT
48441	TX, Taylor	TX-TAYLOR
48443	TX, Terrell	TX-TERRELL
48445	TX, Terry	TX-TERRY
48447	TX, Throckmorton	TX-THROCKMORTON
48449	TX, Titus	TX-TITUS
48451	TX, Tom Green	TX-TOM GREEN
48453	TX, Travis	TX-TRAVIS
48455	TX, Trinity	TX-TRINITY
48457	TX, Tyler	TX-TYLER
48459	TX, Upshur	TX-UPSHUR
48461	TX, Upton	TX-UPTON
48463	TX, Uvalde	TX-UVALDE
48465	TX, Val Verde	TX-VAL VERDE
48467	TX, Van Zandt	TX-VAN ZANDT
48469	TX, Victoria	TX-VICTORIA
48471	TX, Walker	TX-WALKER
48473	TX, Waller	TX-WALLER
48475	TX, Ward	TX-WARD
48477	TX, Washington	TX-WASHINGTON
48479	TX, Webb	TX-WEBB
48481	TX, Wharton	TX-WHARTON
48483	TX, Wheeler	TX-WHEELER
48485	TX, Wichita	TX-WICHITA
48487	TX, Wilbarger	TX-WILBARGER
48489	TX, Willacy	TX-WILLACY
48491	TX, Williamson	TX-WILLIAMSON
48493	TX, Wilson	TX-WILSON
48495	TX, Winkler	TX-WINKLER
48497	TX, Wise	TX-WISE
48499	TX, Wood	TX-WOOD
48501	TX, Yoakum	TX-YOAKUM
48503	TX, Young	TX-YOUNG
48505	TX, Zapata	TX-ZAPATA
48507	TX, Zavala	TX-ZAVALA
74000	UM	UM
74050	UM, Baker Island	UM-BAKER ISLAND
74100	UM, Howland Island	UM-HOWLAND ISLAND
74150	UM, Jarvis Island	UM-JARVIS ISLAND
74200	UM, Johnston Island	UM-JOHNSTON ISLAND
74250	UM, Kingman Reef	UM-KINGMAN REEF
74300	UM, Midway Islands	UM-MIDWAY ISLANDS
74350	UM, Navassa Island	UM-NAVASSA ISLAND
74400	UM, Palmyra Atoll	UM-PALMYRA ATOLL
74450	UM, Wake Island	UM-WAKE ISLAND
49000	UT	UT
49001	UT, Beaver	UT-BEAVER
49003	UT, Box Elder	UT-BOX ELDER
49005	UT, Cache	UT-CACHE
49007	UT, Carbon	UT-CARBON
49009	UT, Daggett	UT-DAGGETT
49011	UT, Davis	UT-DAVIS
49013	UT, Duchesne	UT-DUCHESNE
49015	UT, Emery	UT-EMERY
49017	UT, Garfield	UT-GARFIELD
49019	UT, Grand	UT-GRAND
49021	UT, Iron	UT-IRON
49023	UT, Juab	UT-JUAB
49025	UT, Kane	UT-KANE
49027	UT, Millard	UT-MILLARD
49029	UT, Morgan	UT-MORGAN
49031	UT, Piute	UT-PIUTE
49033	UT, Rich	UT-RICH
49035	UT, Salt Lake	UT-SALT LAKE
49037	UT, San Juan	UT-SAN JUAN
49039	UT, Sanpete	UT-SANPETE
49041	UT, Sevier	UT-SEVIER
49043	UT, Summit	UT-SUMMIT
49045	UT, Tooele	UT-TOOELE
49047	UT, Uintah	UT-UINTAH
49049	UT, Utah	UT-UTAH
49051	UT, Wasatch	UT-WASATCH
49053	UT, Washington	UT-WASHINGTON
49055	UT, Wayne	UT-WAYNE
49057	UT, Weber	UT-WEBER
51000	VA	VA
51001	VA, Accomack	VA-ACCOMACK
51003	VA, Albemarle	VA-ALBEMARLE
51510	VA, Alexandria	VA-ALEXANDRIA
51005	VA, Alleghany	VA-ALLEGHANY
51007	VA, Amelia	VA-AMELIA
51009	VA, Amherst	VA-AMHERST
51011	VA, Appomattox	VA-APPOMATTOX
51013	VA, Arlington	VA-ARLINGTON
51015	VA, Augusta	VA-AUGUSTA
51017	VA, Bath	VA-BATH
51515	VA, Bedford	VA-BEDFORD
51019	VA, Bedford	VA-BEDFORD
51021	VA, Bland	VA-BLAND
51023	VA, Botetourt	VA-BOTETOURT
51520	VA, Bristol	VA-BRISTOL
51025	VA, Brunswick	VA-BRUNSWICK
51027	VA, Buchanan	VA-BUCHANAN
51029	VA, Buckingham	VA-BUCKINGHAM
51530	VA, Buena Vista	VA-BUENA VISTA
51031	VA, Campbell	VA-CAMPBELL
51033	VA, Caroline	VA-CAROLINE
51035	VA, Carroll	VA-CARROLL
51036	VA, Charles City	VA-CHARLES CITY
51037	VA, Charlotte	VA-CHARLOTTE
51540	VA, Charlottesville	VA-CHARLOTTESVILLE
51550	VA, Chesapeake	VA-CHESAPEAKE
51041	VA, Chesterfield	VA-CHESTERFIELD
51043	VA, Clarke	VA-CLARKE
51560	VA, Clifton Forge	VA-CLIFTON FORGE
51570	VA, Colonial Heights	VA-COLONIAL HEIGHTS
51580	VA, Covington	VA-COVINGTON
51045	VA, Craig	VA-CRAIG
51047	VA, Culpeper	VA-CULPEPER
51049	VA, Cumberland	VA-CUMBERLAND
51590	VA, Danville	VA-DANVILLE
51051	VA, Dickenson	VA-DICKENSON
51053	VA, Dinwiddie	VA-DINWIDDIE
51595	VA, Emporia	VA-EMPORIA
51057	VA, Essex	VA-ESSEX
51600	VA, Fairfax	VA-FAIRFAX
51059	VA, Fairfax	VA-FAIRFAX
51610	VA, Falls Church	VA-FALLS CHURCH
51061	VA, Fauquier	VA-FAUQUIER
51063	VA, Floyd	VA-FLOYD
51065	VA, Fluvanna	VA-FLUVANNA
51067	VA, Franklin	VA-FRANKLIN
51620	VA, Franklin	VA-FRANKLIN
51069	VA, Frederick	VA-FREDERICK
51630	VA, Fredericksburg	VA-FREDERICKSBURG
51640	VA, Galax	VA-GALAX
51071	VA, Giles	VA-GILES
51073	VA, Gloucester	VA-GLOUCESTER
51075	VA, Goochland	VA-GOOCHLAND
51077	VA, Grayson	VA-GRAYSON
51079	VA, Greene	VA-GREENE
51081	VA, Greensville	VA-GREENSVILLE
51083	VA, Halifax	VA-HALIFAX
51650	VA, Hampton	VA-HAMPTON
51085	VA, Hanover	VA-HANOVER
51660	VA, Harrisonburg	VA-HARRISONBURG
51087	VA, Henrico	VA-HENRICO
51089	VA, Henry	VA-HENRY
51091	VA, Highland	VA-HIGHLAND
51670	VA, Hopewell	VA-HOPEWELL
51093	VA, Isle of Wight	VA-ISLE OF WIGHT
51095	VA, James City	VA-JAMES CITY
51097	VA, King and Queen	VA-KING AND QUEEN
51099	VA, King George	VA-KING GEORGE
51101	VA, King William	VA-KING WILLIAM
51103	VA, Lancaster	VA-LANCASTER
51105	VA, Lee	VA-LEE
51678	VA, Lexington	VA-LEXINGTON
51107	VA, Loudoun	VA-LOUDOUN
51109	VA, Louisa	VA-LOUISA
51111	VA, Lunenburg	VA-LUNENBURG
51680	VA, Lynchburg	VA-LYNCHBURG
51113	VA, Madison	VA-MADISON
51683	VA, Manassas	VA-MANASSAS
51685	VA, Manassas Park	VA-MANASSAS PARK
51690	VA, Martinsville	VA-MARTINSVILLE
51115	VA, Mathews	VA-MATHEWS
51117	VA, Mecklenburg	VA-MECKLENBURG
51119	VA, Middlesex	VA-MIDDLESEX
51121	VA, Montgomery	VA-MONTGOMERY
51125	VA, Nelson	VA-NELSON
51127	VA, New Kent	VA-NEW KENT
51700	VA, Newport News	VA-NEWPORT NEWS
51710	VA, Norfolk	VA-NORFOLK
51131	VA, Northampton	VA-NORTHAMPTON
51133	VA, Northumberland	VA-NORTHUMBERLAND
51720	VA, Norton	VA-NORTON
51135	VA, Nottoway	VA-NOTTOWAY
51137	VA, Orange	VA-ORANGE
51139	VA, Page	VA-PAGE
51141	VA, Patrick	VA-PATRICK
51730	VA, Petersburg	VA-PETERSBURG
51143	VA, Pittsylvania	VA-PITTSYLVANIA
51735	VA, Poquoson	VA-POQUOSON
51740	VA, Portsmouth	VA-PORTSMOUTH
51145	VA, Powhatan	VA-POWHATAN
51147	VA, Prince Edward	VA-PRINCE EDWARD
51149	VA, Prince George	VA-PRINCE GEORGE
51153	VA, Prince William	VA-PRINCE WILLIAM
51155	VA, Pulaski	VA-PULASKI
51750	VA, Radford	VA-RADFORD
51157	VA, Rappahannock	VA-RAPPAHANNOCK
51159	VA, Richmond	VA-RICHMOND
51760	VA, Richmond	VA-RICHMOND
51770	VA, Roanoke	VA-ROANOKE
51161	VA, Roanoke	VA-ROANOKE
51163	VA, Rockbridge	VA-ROCKBRIDGE
51165	VA, Rockingham	VA-ROCKINGHAM
51167	VA, Russell	VA-RUSSELL
51775	VA, Salem	VA-SALEM
51169	VA, Scott	VA-SCOTT
51171	VA, Shenandoah	VA-SHENANDOAH
51173	VA, Smyth	VA-SMYTH
51780	VA, South Boston	VA-SOUTH BOSTON
51175	VA, Southampton	VA-SOUTHAMPTON
51177	VA, Spotsylvania	VA-SPOTSYLVANIA
51179	VA, Stafford	VA-STAFFORD
51790	VA, Staunton	VA-STAUNTON
51800	VA, Suffolk	VA-SUFFOLK
51181	VA, Surry	VA-SURRY
51183	VA, Sussex	VA-SUSSEX
51185	VA, Tazewell	VA-TAZEWELL
51810	VA, Virginia Beach	VA-VIRGINIA BEACH
51187	VA, Warren	VA-WARREN
51191	VA, Washington	VA-WASHINGTON
51820	VA, Waynesboro	VA-WAYNESBORO
51193	VA, Westmoreland	VA-WESTMORELAND
51830	VA, Williamsburg	VA-WILLIAMSBURG
51840	VA, Winchester	VA-WINCHESTER
51195	VA, Wise	VA-WISE
51197	VA, Wythe	VA-WYTHE
51199	VA, York	VA-YORK
78000	VI	VI
78010	VI, Angaur	VI-ANGAUR
78050	VI, Hatoboheit	VI-HATOBOHEIT
78100	VI, Kayangel	VI-KAYANGEL
78150	VI, Koror	VI-KOROR
78218	VI, Ngarchelong	VI-NGARCHELONG
78222	VI, Ngardmau	VI-NGARDMAU
78224	VI, Ngatpang	VI-NGATPANG
78226	VI, Ngchesar	VI-NGCHESAR
78350	VI, Peleliu	VI-PELELIU
78370	VI, Sonsorol	VI-SONSOROL
78010	VI, St. Croix	VI-ST. CROIX
78020	VI, St. John	VI-ST. JOHN
78030	VI, St. Thomas	VI-ST. THOMAS
50000	VT	VT
50001	VT, Addison	VT-ADDISON
50003	VT, Bennington	VT-BENNINGTON
50005	VT, Caledonia	VT-CALEDONIA
50007	VT, Chittenden	VT-CHITTENDEN
50009	VT, Essex	VT-ESSEX
50011	VT, Franklin	VT-FRANKLIN
50013	VT, Grand Isle	VT-GRAND ISLE
50015	VT, Lamoille	VT-LAMOILLE
50017	VT, Orange	VT-ORANGE
50019	VT, Orleans	VT-ORLEANS
50021	VT, Rutland	VT-RUTLAND
50023	VT, Washington	VT-WASHINGTON
50025	VT, Windham	VT-WINDHAM
50027	VT, Windsor	VT-WINDSOR
53000	WA	WA
53001	WA, Adams	WA-ADAMS
53003	WA, Asotin	WA-ASOTIN
53005	WA, Benton	WA-BENTON
53007	WA, Chelan	WA-CHELAN
53009	WA, Clallam	WA-CLALLAM
53011	WA, Clark	WA-CLARK
53013	WA, Columbia	WA-COLUMBIA
53015	WA, Cowlitz	WA-COWLITZ
53017	WA, Douglas	WA-DOUGLAS
53019	WA, Ferry	WA-FERRY
53021	WA, Franklin	WA-FRANKLIN
53023	WA, Garfield	WA-GARFIELD
53025	WA, Grant	WA-GRANT
53027	WA, Grays Harbor	WA-GRAYS HARBOR
53029	WA, Island	WA-ISLAND
53031	WA, Jefferson	WA-JEFFERSON
53033	WA, King	WA-KING
53035	WA, Kitsap	WA-KITSAP
53037	WA, Kittitas	WA-KITTITAS
53039	WA, Klickitat	WA-KLICKITAT
53041	WA, Lewis	WA-LEWIS
53043	WA, Lincoln	WA-LINCOLN
53045	WA, Mason	WA-MASON
53047	WA, Okanogan	WA-OKANOGAN
53049	WA, Pacific	WA-PACIFIC
53051	WA, Pend Oreille	WA-PEND OREILLE
53053	WA, Pierce	WA-PIERCE
53055	WA, San Juan	WA-SAN JUAN
53057	WA, Skagit	WA-SKAGIT
53059	WA, Skamania	WA-SKAMANIA
53061	WA, Snohomish	WA-SNOHOMISH
53063	WA, Spokane	WA-SPOKANE
53065	WA, Stevens	WA-STEVENS
53067	WA, Thurston	WA-THURSTON
53069	WA, Wahkiakum	WA-WAHKIAKUM
53071	WA, Walla Walla	WA-WALLA WALLA
53073	WA, Whatcom	WA-WHATCOM
53075	WA, Whitman	WA-WHITMAN
53077	WA, Yakima	WA-YAKIMA
55000	WI	WI
55001	WI, Adams	WI-ADAMS
55003	WI, Ashland	WI-ASHLAND
55005	WI, Barron	WI-BARRON
55007	WI, Bayfield	WI-BAYFIELD
55009	WI, Brown	WI-BROWN
55011	WI, Buffalo	WI-BUFFALO
55013	WI, Burnett	WI-BURNETT
55015	WI, Calumet	WI-CALUMET
55017	WI, Chippewa	WI-CHIPPEWA
55019	WI, Clark	WI-CLARK
55021	WI, Columbia	WI-COLUMBIA
55023	WI, Crawford	WI-CRAWFORD
55025	WI, Dane	WI-DANE
55027	WI, Dodge	WI-DODGE
55029	WI, Door	WI-DOOR
55031	WI, Douglas	WI-DOUGLAS
55033	WI, Dunn	WI-DUNN
55035	WI, Eau Claire	WI-EAU CLAIRE
55037	WI, Florence	WI-FLORENCE
55039	WI, Fond du Lac	WI-FOND DU LAC
55041	WI, Forest	WI-FOREST
55043	WI, Grant	WI-GRANT
55045	WI, Green	WI-GREEN
55047	WI, Green Lake	WI-GREEN LAKE
55049	WI, Iowa	WI-IOWA
55051	WI, Iron	WI-IRON
55053	WI, Jackson	WI-JACKSON
55055	WI, Jefferson	WI-JEFFERSON
55057	WI, Juneau	WI-JUNEAU
55059	WI, Kenosha	WI-KENOSHA
55061	WI, Kewaunee	WI-KEWAUNEE
55063	WI, La Crosse	WI-LA CROSSE
55065	WI, Lafayette	WI-LAFAYETTE
55067	WI, Langlade	WI-LANGLADE
55069	WI, Lincoln	WI-LINCOLN
55071	WI, Manitowoc	WI-MANITOWOC
55073	WI, Marathon	WI-MARATHON
55075	WI, Marinette	WI-MARINETTE
55077	WI, Marquette	WI-MARQUETTE
55078	WI, Menominee	WI-MENOMINEE
55079	WI, Milwaukee	WI-MILWAUKEE
55081	WI, Monroe	WI-MONROE
55083	WI, Oconto	WI-OCONTO
55085	WI, Oneida	WI-ONEIDA
55087	WI, Outagamie	WI-OUTAGAMIE
55089	WI, Ozaukee	WI-OZAUKEE
55091	WI, Pepin	WI-PEPIN
55093	WI, Pierce	WI-PIERCE
55095	WI, Polk	WI-POLK
55097	WI, Portage	WI-PORTAGE
55099	WI, Price	WI-PRICE
55101	WI, Racine	WI-RACINE
55103	WI, Richland	WI-RICHLAND
55105	WI, Rock	WI-ROCK
55107	WI, Rusk	WI-RUSK
55111	WI, Sauk	WI-SAUK
55113	WI, Sawyer	WI-SAWYER
55115	WI, Shawano	WI-SHAWANO
55117	WI, Sheboygan	WI-SHEBOYGAN
55109	WI, St. Croix	WI-ST. CROIX
55119	WI, Taylor	WI-TAYLOR
55121	WI, Trempealeau	WI-TREMPEALEAU
55123	WI, Vernon	WI-VERNON
55125	WI, Vilas	WI-VILAS
55127	WI, Walworth	WI-WALWORTH
55129	WI, Washburn	WI-WASHBURN
55131	WI, Washington	WI-WASHINGTON
55133	WI, Waukesha	WI-WAUKESHA
55135	WI, Waupaca	WI-WAUPACA
55137	WI, Waushara	WI-WAUSHARA
55139	WI, Winnebago	WI-WINNEBAGO
55141	WI, Wood	WI-WOOD
54000	WV	WV
54001	WV, Barbour	WV-BARBOUR
54003	WV, Berkeley	WV-BERKELEY
54005	WV, Boone	WV-BOONE
54007	WV, Braxton	WV-BRAXTON
54009	WV, Brooke	WV-BROOKE
54011	WV, Cabell	WV-CABELL
54013	WV, Calhoun	WV-CALHOUN
54015	WV, Clay	WV-CLAY
54017	WV, Doddridge	WV-DODDRIDGE
54019	WV, Fayette	WV-FAYETTE
54021	WV, Gilmer	WV-GILMER
54023	WV, Grant	WV-GRANT
54025	WV, Greenbrier	WV-GREENBRIER
54027	WV, Hampshire	WV-HAMPSHIRE
54029	WV, Hancock	WV-HANCOCK
54031	WV, Hardy	WV-HARDY
54033	WV, Harrison	WV-HARRISON
54035	WV, Jackson	WV-JACKSON
54037	WV, Jefferson	WV-JEFFERSON
54039	WV, Kanawha	WV-KANAWHA
54041	WV, Lewis	WV-LEWIS
54043	WV, Lincoln	WV-LINCOLN
54045	WV, Logan	WV-LOGAN
54049	WV, Marion	WV-MARION
54051	WV, Marshall	WV-MARSHALL
54053	WV, Mason	WV-MASON
54047	WV, McDowell	WV-MCDOWELL
54055	WV, Mercer	WV-MERCER
54057	WV, Mineral	WV-MINERAL
54059	WV, Mingo	WV-MINGO
54061	WV, Monongalia	WV-MONONGALIA
54063	WV, Monroe	WV-MONROE
54065	WV, Morgan	WV-MORGAN
54067	WV, Nicholas	WV-NICHOLAS
54069	WV, Ohio	WV-OHIO
54071	WV, Pendleton	WV-PENDLETON
54073	WV, Pleasants	WV-PLEASANTS
54075	WV, Pocahontas	WV-POCAHONTAS
54077	WV, Preston	WV-PRESTON
54079	WV, Putnam	WV-PUTNAM
54081	WV, Raleigh	WV-RALEIGH
54083	WV, Randolph	WV-RANDOLPH
54085	WV, Ritchie	WV-RITCHIE
54087	WV, Roane	WV-ROANE
54089	WV, Summers	WV-SUMMERS
54091	WV, Taylor	WV-TAYLOR
54093	WV, Tucker	WV-TUCKER
54095	WV, Tyler	WV-TYLER
54097	WV, Upshur	WV-UPSHUR
54099	WV, Wayne	WV-WAYNE
54101	WV, Webster	WV-WEBSTER
54103	WV, Wetzel	WV-WETZEL
54105	WV, Wirt	WV-WIRT
54107	WV, Wood	WV-WOOD
54109	WV, Wyoming	WV-WYOMING
56000	WY	WY
56001	WY, Albany	WY-ALBANY
56003	WY, Big Horn	WY-BIG HORN
56005	WY, Campbell	WY-CAMPBELL
56007	WY, Carbon	WY-CARBON
56009	WY, Converse	WY-CONVERSE
56011	WY, Crook	WY-CROOK
56013	WY, Fremont	WY-FREMONT
56015	WY, Goshen	WY-GOSHEN
56017	WY, Hot Springs	WY-HOT SPRINGS
56019	WY, Johnson	WY-JOHNSON
56021	WY, Laramie	WY-LARAMIE
56023	WY, Lincoln	WY-LINCOLN
56025	WY, Natrona	WY-NATRONA
56027	WY, Niobrara	WY-NIOBRARA
56029	WY, Park	WY-PARK
56031	WY, Platte	WY-PLATTE
56033	WY, Sheridan	WY-SHERIDAN
56035	WY, Sublette	WY-SUBLETTE
56037	WY, Sweetwater	WY-SWEETWATER
56039	WY, Teton	WY-TETON
56041	WY, Uinta	WY-UINTA
56043	WY, Washakie	WY-WASHAKIE
56045	WY, Weston	WY-WESTON
